frontier_id,symbol,de,source,license,review
128049168,Beryllium,Beryllium,https://github.com/EDCD/EDDI/blob/d3b964ea7c8bb959ad6537f55b308f293a326905/DataDefinitions/Properties/Commodities.de.resx,Apache-2.0,Open-source value corroborated by German local Market observation; observation is not the distribution source.
128049169,Indium,Indium,https://github.com/EDCD/EDDI/blob/d3b964ea7c8bb959ad6537f55b308f293a326905/DataDefinitions/Properties/Commodities.de.resx,Apache-2.0,Open-source value corroborated by German local Market observation; observation is not the distribution source.
128049170,Gallium,Gallium,https://github.com/EDCD/EDDI/blob/d3b964ea7c8bb959ad6537f55b308f293a326905/DataDefinitions/Properties/Commodities.de.resx,Apache-2.0,Open-source value corroborated by German local Market observation; observation is not the distribution source.
128049176,Aluminium,Aluminium,https://github.com/EDCD/EDDI/blob/d3b964ea7c8bb959ad6537f55b308f293a326905/DataDefinitions/Properties/Commodities.de.resx,Apache-2.0,Open-source value corroborated by German local Market observation; observation is not the distribution source.
128049177,Algae,Algen,https://github.com/EDCD/EDDI/blob/d3b964ea7c8bb959ad6537f55b308f293a326905/DataDefinitions/Properties/Commodities.de.resx,Apache-2.0,Open-source value corroborated by German local Market observation; observation is not the distribution source.
128049178,FruitAndVegetables,Obst und Gemüse,https://github.com/EDCD/EDDI/blob/d3b964ea7c8bb959ad6537f55b308f293a326905/DataDefinitions/Properties/Commodities.de.resx,Apache-2.0,Open-source value corroborated by German local Market observation; observation is not the distribution source.
128049180,Grain,Getreide,https://github.com/EDCD/EDDI/blob/d3b964ea7c8bb959ad6537f55b308f293a326905/DataDefinitions/Properties/Commodities.de.resx,Apache-2.0,Open-source value corroborated by German local Market observation; observation is not the distribution source.
128049182,Animalmeat,Tierfleisch,https://github.com/EDCD/EDDI/blob/d3b964ea7c8bb959ad6537f55b308f293a326905/DataDefinitions/Properties/Commodities.de.resx,Apache-2.0,Open-source value corroborated by German local Market observation; observation is not the distribution source.
128049183,Fish,Fisch,https://github.com/EDCD/EDDI/blob/d3b964ea7c8bb959ad6537f55b308f293a326905/DataDefinitions/Properties/Commodities.de.resx,Apache-2.0,Open-source value corroborated by German local Market observation; observation is not the distribution source.
128049184,FoodCartridges,Nahrungskartuschen,https://github.com/EDCD/EDDI/blob/d3b964ea7c8bb959ad6537f55b308f293a326905/DataDefinitions/Properties/Commodities.de.resx,Apache-2.0,Open-source value corroborated by German local Market observation; observation is not the distribution source.
128049185,SyntheticMeat,Künstliches Fleisch,https://github.com/EDCD/EDDI/blob/d3b964ea7c8bb959ad6537f55b308f293a326905/DataDefinitions/Properties/Commodities.de.resx,Apache-2.0,Open-source value corroborated by German local Market observation; observation is not the distribution source.
128049188,Tea,Tee,https://github.com/EDCD/EDDI/blob/d3b964ea7c8bb959ad6537f55b308f293a326905/DataDefinitions/Properties/Commodities.de.resx,Apache-2.0,Open-source value corroborated by German local Market observation; observation is not the distribution source.
128049189,Coffee,Kaffee,https://github.com/EDCD/EDDI/blob/d3b964ea7c8bb959ad6537f55b308f293a326905/DataDefinitions/Properties/Commodities.de.resx,Apache-2.0,Open-source value corroborated by German local Market observation; observation is not the distribution source.
128049190,Leather,Leder,https://github.com/EDCD/EDDI/blob/d3b964ea7c8bb959ad6537f55b308f293a326905/DataDefinitions/Properties/Commodities.de.resx,Apache-2.0,Open-source value corroborated by German local Market observation; observation is not the distribution source.
128049191,NaturalFabrics,Naturfasern,https://github.com/EDCD/EDDI/blob/d3b964ea7c8bb959ad6537f55b308f293a326905/DataDefinitions/Properties/Commodities.de.resx,Apache-2.0,Open-source value corroborated by German local Market observation; observation is not the distribution source.
128049193,SyntheticFabrics,Chemiefasern,https://github.com/EDCD/EDDI/blob/d3b964ea7c8bb959ad6537f55b308f293a326905/DataDefinitions/Properties/Commodities.de.resx,Apache-2.0,Open-source value corroborated by German local Market observation; observation is not the distribution source.
128049197,Polymers,Polymere,https://github.com/EDCD/EDDI/blob/d3b964ea7c8bb959ad6537f55b308f293a326905/DataDefinitions/Properties/Commodities.de.resx,Apache-2.0,Open-source value corroborated by German local Market observation; observation is not the distribution source.
128049199,Semiconductors,Halbleiter,https://github.com/EDCD/EDDI/blob/d3b964ea7c8bb959ad6537f55b308f293a326905/DataDefinitions/Properties/Commodities.de.resx,Apache-2.0,Open-source value corroborated by German local Market observation; observation is not the distribution source.
128049200,Superconductors,Supraleiter,https://github.com/EDDiscovery/EliteDangerousCore/blob/c86bee245acd482dd68f7e445fd3e67d4dc99bb1/EliteDangerous/Translations/translation-deutsch-ed.tlp,Apache-2.0,Open-source value corroborated by German local Market observation; observation is not the distribution source.
128049202,HydrogenFuel,Wasserstoff-Treibstoff,https://github.com/EDCD/EDDI/blob/d3b964ea7c8bb959ad6537f55b308f293a326905/DataDefinitions/Properties/Commodities.de.resx,Apache-2.0,Open-source value corroborated by German local Market observation; observation is not the distribution source.
128049203,MineralOil,Mineralöl,https://github.com/EDDiscovery/EliteDangerousCore/blob/c86bee245acd482dd68f7e445fd3e67d4dc99bb1/EliteDangerous/Translations/translation-deutsch-ed.tlp,Apache-2.0,Open-source value corroborated by German local Market observation; observation is not the distribution source.
128049204,Explosives,Sprengstoffe,https://github.com/EDCD/EDDI/blob/d3b964ea7c8bb959ad6537f55b308f293a326905/DataDefinitions/Properties/Commodities.de.resx,Apache-2.0,Open-source value corroborated by German local Market observation; observation is not the distribution source.
128049205,Pesticides,Pestizide,https://github.com/EDCD/EDDI/blob/d3b964ea7c8bb959ad6537f55b308f293a326905/DataDefinitions/Properties/Commodities.de.resx,Apache-2.0,Open-source value corroborated by German local Market observation; observation is not the distribution source.
128049208,AgriculturalMedicines,Agrar-Medikamente,https://github.com/EDCD/EDDI/blob/d3b964ea7c8bb959ad6537f55b308f293a326905/DataDefinitions/Properties/Commodities.de.resx,Apache-2.0,Open-source value corroborated by German local Market observation; observation is not the distribution source.
128049209,PerformanceEnhancers,Leistungssteigerer,https://github.com/EDCD/EDDI/blob/d3b964ea7c8bb959ad6537f55b308f293a326905/DataDefinitions/Properties/Commodities.de.resx,Apache-2.0,Open-source value corroborated by German local Market observation; observation is not the distribution source.
128049210,BasicMedicines,Allgemeine Medikamente,https://github.com/EDCD/EDDI/blob/d3b964ea7c8bb959ad6537f55b308f293a326905/DataDefinitions/Properties/Commodities.de.resx,Apache-2.0,Open-source value corroborated by German local Market observation; observation is not the distribution source.
128049212,BasicNarcotics,Drogen,https://github.com/EDCD/EDDI/blob/d3b964ea7c8bb959ad6537f55b308f293a326905/DataDefinitions/Properties/Commodities.de.resx,Apache-2.0,Established generic label; neither source locally corroborated.
128049213,Tobacco,Tabak,https://github.com/EDCD/EDDI/blob/d3b964ea7c8bb959ad6537f55b308f293a326905/DataDefinitions/Properties/Commodities.de.resx,Apache-2.0,Explicit open-source name; sources agree where both exist. No exact local corroboration.
128049214,Beer,Bier,https://github.com/EDCD/EDDI/blob/d3b964ea7c8bb959ad6537f55b308f293a326905/DataDefinitions/Properties/Commodities.de.resx,Apache-2.0,Open-source value corroborated by German local Market observation; observation is not the distribution source.
128049215,Wine,Wein,https://github.com/EDCD/EDDI/blob/d3b964ea7c8bb959ad6537f55b308f293a326905/DataDefinitions/Properties/Commodities.de.resx,Apache-2.0,Open-source value corroborated by German local Market observation; observation is not the distribution source.
128049216,Liquor,Spirituosen,https://github.com/EDCD/EDDI/blob/d3b964ea7c8bb959ad6537f55b308f293a326905/DataDefinitions/Properties/Commodities.de.resx,Apache-2.0,Open-source value corroborated by German local Market observation; observation is not the distribution source.
128049217,PowerGenerators,Stromerzeuger,https://github.com/EDCD/EDDI/blob/d3b964ea7c8bb959ad6537f55b308f293a326905/DataDefinitions/Properties/Commodities.de.resx,Apache-2.0,Open-source value corroborated by German local Market observation; observation is not the distribution source.
128049218,WaterPurifiers,Wasserreiniger,https://github.com/EDCD/EDDI/blob/d3b964ea7c8bb959ad6537f55b308f293a326905/DataDefinitions/Properties/Commodities.de.resx,Apache-2.0,Open-source value corroborated by German local Market observation; observation is not the distribution source.
128049220,HeliostaticFurnaces,Mikrobielle Öfen,https://github.com/EDCD/EDDI/blob/d3b964ea7c8bb959ad6537f55b308f293a326905/DataDefinitions/Properties/Commodities.de.resx,Apache-2.0,Open-source value corroborated by German local Market observation; observation is not the distribution source.
128049221,MineralExtractors,Mineralextraktoren,https://github.com/EDCD/EDDI/blob/d3b964ea7c8bb959ad6537f55b308f293a326905/DataDefinitions/Properties/Commodities.de.resx,Apache-2.0,Open-source value corroborated by German local Market observation; observation is not the distribution source.
128049222,CropHarvesters,Erntemaschinen,https://github.com/EDCD/EDDI/blob/d3b964ea7c8bb959ad6537f55b308f293a326905/DataDefinitions/Properties/Commodities.de.resx,Apache-2.0,Open-source value corroborated by German local Market observation; observation is not the distribution source.
128049223,MarineSupplies,Maritimausstattung,https://github.com/EDCD/EDDI/blob/d3b964ea7c8bb959ad6537f55b308f293a326905/DataDefinitions/Properties/Commodities.de.resx,Apache-2.0,Open-source value corroborated by German local Market observation; observation is not the distribution source.
128049225,ComputerComponents,Computerteile,https://github.com/EDCD/EDDI/blob/d3b964ea7c8bb959ad6537f55b308f293a326905/DataDefinitions/Properties/Commodities.de.resx,Apache-2.0,Open-source value corroborated by German local Market observation; observation is not the distribution source.
128049226,HazardousEnvironmentSuits,Schutzanzüge,https://github.com/EDCD/EDDI/blob/d3b964ea7c8bb959ad6537f55b308f293a326905/DataDefinitions/Properties/Commodities.de.resx,Apache-2.0,Open-source value corroborated by German local Market observation; observation is not the distribution source.
128049227,Robotics,Roboter,https://github.com/EDCD/EDDI/blob/d3b964ea7c8bb959ad6537f55b308f293a326905/DataDefinitions/Properties/Commodities.de.resx,Apache-2.0,Open-source value corroborated by German local Market observation; observation is not the distribution source.
128049228,AutoFabricators,Fabrikatoren,https://github.com/EDCD/EDDI/blob/d3b964ea7c8bb959ad6537f55b308f293a326905/DataDefinitions/Properties/Commodities.de.resx,Apache-2.0,Open-source value corroborated by German local Market observation; observation is not the distribution source.
128049229,AnimalMonitors,Tierüberwachung,https://github.com/EDCD/EDDI/blob/d3b964ea7c8bb959ad6537f55b308f293a326905/DataDefinitions/Properties/Commodities.de.resx,Apache-2.0,Open-source value corroborated by German local Market observation; observation is not the distribution source.
128049230,AquaponicSystems,Aquaponiksysteme,https://github.com/EDCD/EDDI/blob/d3b964ea7c8bb959ad6537f55b308f293a326905/DataDefinitions/Properties/Commodities.de.resx,Apache-2.0,Open-source value corroborated by German local Market observation; observation is not the distribution source.
128049231,AdvancedCatalysers,Fortschr. Katalysatoren,https://github.com/EDDiscovery/EliteDangerousCore/blob/c86bee245acd482dd68f7e445fd3e67d4dc99bb1/EliteDangerous/Translations/translation-deutsch-ed.tlp,Apache-2.0,Open-source value corroborated by German local Market observation; observation is not the distribution source.
128049232,TerrainEnrichmentSystems,Landanreicherungssysteme,https://github.com/EDCD/EDDI/blob/d3b964ea7c8bb959ad6537f55b308f293a326905/DataDefinitions/Properties/Commodities.de.resx,Apache-2.0,Open-source value corroborated by German local Market observation; observation is not the distribution source.
128049233,PersonalWeapons,Persönliche Waffen,https://github.com/EDCD/EDDI/blob/d3b964ea7c8bb959ad6537f55b308f293a326905/DataDefinitions/Properties/Commodities.de.resx,Apache-2.0,Explicit open-source name; sources agree where both exist. No exact local corroboration.
128049234,BattleWeapons,Kriegswaffen,https://github.com/EDCD/EDDI/blob/d3b964ea7c8bb959ad6537f55b308f293a326905/DataDefinitions/Properties/Commodities.de.resx,Apache-2.0,Explicit open-source name; sources agree where both exist. No exact local corroboration.
128049235,ReactiveArmour,Reaktivrüstung,https://github.com/EDCD/EDDI/blob/d3b964ea7c8bb959ad6537f55b308f293a326905/DataDefinitions/Properties/Commodities.de.resx,Apache-2.0,Open-source value corroborated by German local Market observation; observation is not the distribution source.
128049236,NonLethalWeapons,Nichttödliche Waffen,https://github.com/EDCD/EDDI/blob/d3b964ea7c8bb959ad6537f55b308f293a326905/DataDefinitions/Properties/Commodities.de.resx,Apache-2.0,Open-source value corroborated by German local Market observation; observation is not the distribution source.
128049238,DomesticAppliances,Haushaltsgeräte,https://github.com/EDCD/EDDI/blob/d3b964ea7c8bb959ad6537f55b308f293a326905/DataDefinitions/Properties/Commodities.de.resx,Apache-2.0,Open-source value corroborated by German local Market observation; observation is not the distribution source.
128049240,ConsumerTechnology,Unterhaltungselektronik,https://github.com/EDCD/EDDI/blob/d3b964ea7c8bb959ad6537f55b308f293a326905/DataDefinitions/Properties/Commodities.de.resx,Apache-2.0,Open-source value corroborated by German local Market observation; observation is not the distribution source.
128049241,Clothing,Kleidung,https://github.com/EDCD/EDDI/blob/d3b964ea7c8bb959ad6537f55b308f293a326905/DataDefinitions/Properties/Commodities.de.resx,Apache-2.0,Open-source value corroborated by German local Market observation; observation is not the distribution source.
128049243,Slaves,Sklaven,https://github.com/EDCD/EDDI/blob/d3b964ea7c8bb959ad6537f55b308f293a326905/DataDefinitions/Properties/Commodities.de.resx,Apache-2.0,Explicit open-source name; sources agree where both exist. No exact local corroboration.
128049244,Biowaste,Biomüll,https://github.com/EDCD/EDDI/blob/d3b964ea7c8bb959ad6537f55b308f293a326905/DataDefinitions/Properties/Commodities.de.resx,Apache-2.0,Open-source value corroborated by German local Market observation; observation is not the distribution source.
128049245,ToxicWaste,Giftmüll,https://github.com/EDCD/EDDI/blob/d3b964ea7c8bb959ad6537f55b308f293a326905/DataDefinitions/Properties/Commodities.de.resx,Apache-2.0,Explicit open-source name; sources agree where both exist. No exact local corroboration.
128049246,ChemicalWaste,Chemiemüll,https://github.com/EDCD/EDDI/blob/d3b964ea7c8bb959ad6537f55b308f293a326905/DataDefinitions/Properties/Commodities.de.resx,Apache-2.0,Open-source value corroborated by German local Market observation; observation is not the distribution source.
128049248,Scrap,Schrott,https://github.com/EDCD/EDDI/blob/d3b964ea7c8bb959ad6537f55b308f293a326905/DataDefinitions/Properties/Commodities.de.resx,Apache-2.0,Open-source value corroborated by German local Market observation; observation is not the distribution source.
128049669,ProgenitorCells,Vorläuferzellen,https://github.com/EDCD/EDDI/blob/d3b964ea7c8bb959ad6537f55b308f293a326905/DataDefinitions/Properties/Commodities.de.resx,Apache-2.0,Open-source value corroborated by German local Market observation; observation is not the distribution source.
128049670,CombatStabilisers,Kampfstabilisatoren,https://github.com/EDCD/EDDI/blob/d3b964ea7c8bb959ad6537f55b308f293a326905/DataDefinitions/Properties/Commodities.de.resx,Apache-2.0,Explicit open-source name; sources agree where both exist. No exact local corroboration.
128049671,ResonatingSeparators,Resonanzabgrenzer,https://github.com/EDCD/EDDI/blob/d3b964ea7c8bb959ad6537f55b308f293a326905/DataDefinitions/Properties/Commodities.de.resx,Apache-2.0,Open-source value corroborated by German local Market observation; observation is not the distribution source.
128049672,BioReducingLichen,Bioreduzierende Flechten,https://github.com/EDCD/EDDI/blob/d3b964ea7c8bb959ad6537f55b308f293a326905/DataDefinitions/Properties/Commodities.de.resx,Apache-2.0,Open-source value corroborated by German local Market observation; observation is not the distribution source.
128064028,AtmosphericExtractors,Atmosphärenprozessoren,https://github.com/EDCD/EDDI/blob/d3b964ea7c8bb959ad6537f55b308f293a326905/DataDefinitions/Properties/Commodities.de.resx,Apache-2.0,Open-source value corroborated by German local Market observation; observation is not the distribution source.
128066403,Drones,Drohne,https://github.com/EDCD/EDDI/blob/d3b964ea7c8bb959ad6537f55b308f293a326905/DataDefinitions/Properties/Commodities.de.resx,Apache-2.0,Explicit open-source name; sources agree where both exist. No exact local corroboration.
128666746,EraninPearlWhisky,Eranin Perl Whisky,https://github.com/EDCD/EDDI/blob/d3b964ea7c8bb959ad6537f55b308f293a326905/DataDefinitions/Properties/Commodities.de.resx,Apache-2.0,Retain German commodity designation rather than English alternative.
128666747,LavianBrandy,Lave-Brandy,https://github.com/EDDiscovery/EliteDangerousCore/blob/c86bee245acd482dd68f7e445fd3e67d4dc99bb1/EliteDangerous/Translations/translation-deutsch-ed.tlp,Apache-2.0,Open-source value corroborated by German local Market observation; observation is not the distribution source.
128666752,USSCargoBlackBox,Blackbox,https://github.com/EDDiscovery/EliteDangerousCore/blob/c86bee245acd482dd68f7e445fd3e67d4dc99bb1/EliteDangerous/Translations/translation-deutsch-ed.tlp,Apache-2.0,Reviewed community alternative: prefer German compound spelling / terminology; no exact local corroboration.
128666754,USSCargoTradeData,Handelsdaten,https://github.com/EDCD/EDDI/blob/d3b964ea7c8bb959ad6537f55b308f293a326905/DataDefinitions/Properties/Commodities.de.resx,Apache-2.0,Explicit open-source name; sources agree where both exist. No exact local corroboration.
128666755,USSCargoMilitaryPlans,Militärpläne,https://github.com/EDCD/EDDI/blob/d3b964ea7c8bb959ad6537f55b308f293a326905/DataDefinitions/Properties/Commodities.de.resx,Apache-2.0,Explicit open-source name; sources agree where both exist. No exact local corroboration.
128666756,USSCargoAncientArtefact,Uraltes Artefakt,https://github.com/EDCD/EDDI/blob/d3b964ea7c8bb959ad6537f55b308f293a326905/DataDefinitions/Properties/Commodities.de.resx,Apache-2.0,Explicit open-source name; sources agree where both exist. No exact local corroboration.
128666757,USSCargoRareArtwork,Seltene Kunstgegenstände,https://github.com/EDCD/EDDI/blob/d3b964ea7c8bb959ad6537f55b308f293a326905/DataDefinitions/Properties/Commodities.de.resx,Apache-2.0,Open-source value corroborated by German local Market observation; observation is not the distribution source.
128666758,USSCargoExperimentalChemicals,Experimentelle Chemikalien,https://github.com/EDCD/EDDI/blob/d3b964ea7c8bb959ad6537f55b308f293a326905/DataDefinitions/Properties/Commodities.de.resx,Apache-2.0,Explicit open-source name; sources agree where both exist. No exact local corroboration.
128666759,USSCargoRebelTransmissions,Rebellenübertragungen,https://github.com/EDDiscovery/EliteDangerousCore/blob/c86bee245acd482dd68f7e445fd3e67d4dc99bb1/EliteDangerous/Translations/translation-deutsch-ed.tlp,Apache-2.0,Reviewed community alternative: prefer German compound spelling / terminology; no exact local corroboration.
128666760,USSCargoPrototypeTech,Prototyp-Technologien,https://github.com/EDDiscovery/EliteDangerousCore/blob/c86bee245acd482dd68f7e445fd3e67d4dc99bb1/EliteDangerous/Translations/translation-deutsch-ed.tlp,Apache-2.0,Reviewed community alternative: prefer German compound spelling / terminology; no exact local corroboration.
128666761,USSCargoTechnicalBlueprints,Technische Baupläne,https://github.com/EDDiscovery/EliteDangerousCore/blob/c86bee245acd482dd68f7e445fd3e67d4dc99bb1/EliteDangerous/Translations/translation-deutsch-ed.tlp,Apache-2.0,Reviewed community alternative: prefer German compound spelling / terminology; no exact local corroboration.
128667019,HIP10175BushMeat,Wildfleisch von HIP 10175,https://github.com/EDCD/EDDI/blob/d3b964ea7c8bb959ad6537f55b308f293a326905/DataDefinitions/Properties/Commodities.de.resx,Apache-2.0,Open-source value corroborated by German local Market observation; observation is not the distribution source.
128667020,AlbinoQuechuaMammoth,Albinomammut-Fleisch,https://github.com/EDCD/EDDI/blob/d3b964ea7c8bb959ad6537f55b308f293a326905/DataDefinitions/Properties/Commodities.de.resx,Apache-2.0,Open-source value corroborated by German local Market observation; observation is not the distribution source.
128667021,UtgaroarMillenialEggs,Utgaroar-Milleniumeier,https://github.com/EDDiscovery/EliteDangerousCore/blob/c86bee245acd482dd68f7e445fd3e67d4dc99bb1/EliteDangerous/Translations/translation-deutsch-ed.tlp,Apache-2.0,Open-source value corroborated by German local Market observation; observation is not the distribution source.
128667022,WitchhaulKobeBeef,Witchhaul Kobe-Rindfleisch,https://github.com/EDCD/EDDI/blob/d3b964ea7c8bb959ad6537f55b308f293a326905/DataDefinitions/Properties/Commodities.de.resx,Apache-2.0,Open-source value corroborated by German local Market observation; observation is not the distribution source.
128667023,KarsukiLocusts,Karsuki-Heuschrecke,https://github.com/EDDiscovery/EliteDangerousCore/blob/c86bee245acd482dd68f7e445fd3e67d4dc99bb1/EliteDangerous/Translations/translation-deutsch-ed.tlp,Apache-2.0,Open-source value corroborated by German local Market observation; observation is not the distribution source.
128667024,GiantIrukamaSnails,Irukama-Riesenschnecken,https://github.com/EDCD/EDDI/blob/d3b964ea7c8bb959ad6537f55b308f293a326905/DataDefinitions/Properties/Commodities.de.resx,Apache-2.0,Open-source value corroborated by German local Market observation; observation is not the distribution source.
128667025,BaltahSineVacuumKrill,Vakuumkrill von Baltah'sine,https://github.com/EDDiscovery/EliteDangerousCore/blob/c86bee245acd482dd68f7e445fd3e67d4dc99bb1/EliteDangerous/Translations/translation-deutsch-ed.tlp,Apache-2.0,Open-source value corroborated by German local Market observation; observation is not the distribution source.
128667026,CetiRabbits,Ceti-Kaninchen,https://github.com/EDCD/EDDI/blob/d3b964ea7c8bb959ad6537f55b308f293a326905/DataDefinitions/Properties/Commodities.de.resx,Apache-2.0,Open-source value corroborated by German local Market observation; observation is not the distribution source.
128667027,KachiriginLeaches,Kachirigin-Filter-Egel,https://github.com/EDDiscovery/EliteDangerousCore/blob/c86bee245acd482dd68f7e445fd3e67d4dc99bb1/EliteDangerous/Translations/translation-deutsch-ed.tlp,Apache-2.0,Open-source value corroborated by German local Market observation; observation is not the distribution source.
128667028,LyraeWeed,Lyrae Weed,https://github.com/EDDiscovery/EliteDangerousCore/blob/c86bee245acd482dd68f7e445fd3e67d4dc99bb1/EliteDangerous/Translations/translation-deutsch-ed.tlp,Apache-2.0,Reviewed community alternative: prefer German compound spelling / terminology; no exact local corroboration.
128667029,OnionHead,Onionhead,https://github.com/EDCD/EDDI/blob/d3b964ea7c8bb959ad6537f55b308f293a326905/DataDefinitions/Properties/Commodities.de.resx,Apache-2.0,Explicit open-source name; sources agree where both exist. No exact local corroboration.
128667030,TarachTorSpice,Tarach Gewürz,https://github.com/EDCD/EDDI/blob/d3b964ea7c8bb959ad6537f55b308f293a326905/DataDefinitions/Properties/Commodities.de.resx,Apache-2.0,Retain German Gewürz designation.
128667031,Wolf1301Fesh,Wolf Fesh,https://github.com/EDCD/EDDI/blob/d3b964ea7c8bb959ad6537f55b308f293a326905/DataDefinitions/Properties/Commodities.de.resx,Apache-2.0,Explicit open-source name; sources agree where both exist. No exact local corroboration.
128667032,BorasetaniPathogenetics,Borasetani-Pathogenetika,https://github.com/EDDiscovery/EliteDangerousCore/blob/c86bee245acd482dd68f7e445fd3e67d4dc99bb1/EliteDangerous/Translations/translation-deutsch-ed.tlp,Apache-2.0,Reviewed community alternative: prefer German compound spelling / terminology; no exact local corroboration.
128667033,HIP118311Swarm,HIP 118311 Swarm,https://github.com/EDDiscovery/EliteDangerousCore/blob/c86bee245acd482dd68f7e445fd3e67d4dc99bb1/EliteDangerous/Translations/translation-deutsch-ed.tlp,Apache-2.0,Reviewed community alternative: prefer German compound spelling / terminology; no exact local corroboration.
128667034,KonggaAle,Kongga Ale,https://github.com/EDDiscovery/EliteDangerousCore/blob/c86bee245acd482dd68f7e445fd3e67d4dc99bb1/EliteDangerous/Translations/translation-deutsch-ed.tlp,Apache-2.0,Open-source value corroborated by German local Market observation; observation is not the distribution source.
128667035,WuthieloKuFroth,Wuthielo Ku Froth,https://github.com/EDDiscovery/EliteDangerousCore/blob/c86bee245acd482dd68f7e445fd3e67d4dc99bb1/EliteDangerous/Translations/translation-deutsch-ed.tlp,Apache-2.0,Open-source value corroborated by German local Market observation; observation is not the distribution source.
128667036,AlacarakmoSkinArt,Alacarakmo-Hautinlays,https://github.com/EDDiscovery/EliteDangerousCore/blob/c86bee245acd482dd68f7e445fd3e67d4dc99bb1/EliteDangerous/Translations/translation-deutsch-ed.tlp,Apache-2.0,Open-source value corroborated by German local Market observation; observation is not the distribution source.
128667037,EleuThermals,Eleu-Thermotextilien,https://github.com/EDCD/EDDI/blob/d3b964ea7c8bb959ad6537f55b308f293a326905/DataDefinitions/Properties/Commodities.de.resx,Apache-2.0,Open-source value corroborated by German local Market observation; observation is not the distribution source.
128667038,EshuUmbrellas,Eshu-Regenschirme,https://github.com/EDDiscovery/EliteDangerousCore/blob/c86bee245acd482dd68f7e445fd3e67d4dc99bb1/EliteDangerous/Translations/translation-deutsch-ed.tlp,Apache-2.0,Open-source value corroborated by German local Market observation; observation is not the distribution source.
128667039,KaretiiCouture,Karetii Couture,https://github.com/EDDiscovery/EliteDangerousCore/blob/c86bee245acd482dd68f7e445fd3e67d4dc99bb1/EliteDangerous/Translations/translation-deutsch-ed.tlp,Apache-2.0,Open-source value corroborated by German local Market observation; observation is not the distribution source.
128667040,NjangariSaddles,Njangari-Sättel,https://github.com/EDDiscovery/EliteDangerousCore/blob/c86bee245acd482dd68f7e445fd3e67d4dc99bb1/EliteDangerous/Translations/translation-deutsch-ed.tlp,Apache-2.0,Open-source value corroborated by German local Market observation; observation is not the distribution source.
128667041,AnyNaCoffee,Any Na Coffee,https://github.com/EDDiscovery/EliteDangerousCore/blob/c86bee245acd482dd68f7e445fd3e67d4dc99bb1/EliteDangerous/Translations/translation-deutsch-ed.tlp,Apache-2.0,Open-source value corroborated by German local Market observation; observation is not the distribution source.
128667042,CD75CatCoffee,CD-75 Kitten Brand Coffee,https://github.com/EDDiscovery/EliteDangerousCore/blob/c86bee245acd482dd68f7e445fd3e67d4dc99bb1/EliteDangerous/Translations/translation-deutsch-ed.tlp,Apache-2.0,Open-source value corroborated by German local Market observation; observation is not the distribution source.
128667043,GomanYauponCoffee,Goman Yaupon Coffee,https://github.com/EDDiscovery/EliteDangerousCore/blob/c86bee245acd482dd68f7e445fd3e67d4dc99bb1/EliteDangerous/Translations/translation-deutsch-ed.tlp,Apache-2.0,Open-source value corroborated by German local Market observation; observation is not the distribution source.
128667044,VolkhabBeeDrones,Volkhab-Bienendrohnen,https://github.com/EDDiscovery/EliteDangerousCore/blob/c86bee245acd482dd68f7e445fd3e67d4dc99bb1/EliteDangerous/Translations/translation-deutsch-ed.tlp,Apache-2.0,Open-source value corroborated by German local Market observation; observation is not the distribution source.
128667045,KinagoInstruments,Kinago-Geigen,https://github.com/EDDiscovery/EliteDangerousCore/blob/c86bee245acd482dd68f7e445fd3e67d4dc99bb1/EliteDangerous/Translations/translation-deutsch-ed.tlp,Apache-2.0,Open-source value corroborated by German local Market observation; observation is not the distribution source.
128667046,NgunaModernAntiques,Nguna Moderne Antiquitäten,https://github.com/EDDiscovery/EliteDangerousCore/blob/c86bee245acd482dd68f7e445fd3e67d4dc99bb1/EliteDangerous/Translations/translation-deutsch-ed.tlp,Apache-2.0,Open-source value corroborated by German local Market observation; observation is not the distribution source.
128667047,RajukruStoves,Rajukru-Universalöfen,https://github.com/EDDiscovery/EliteDangerousCore/blob/c86bee245acd482dd68f7e445fd3e67d4dc99bb1/EliteDangerous/Translations/translation-deutsch-ed.tlp,Apache-2.0,Open-source value corroborated by German local Market observation; observation is not the distribution source.
128667048,TiolceWaste2PasteUnits,Müll-zu-Paste-Einheiten,https://github.com/EDDiscovery/EliteDangerousCore/blob/c86bee245acd482dd68f7e445fd3e67d4dc99bb1/EliteDangerous/Translations/translation-deutsch-ed.tlp,Apache-2.0,Open-source value corroborated by German local Market observation; observation is not the distribution source.
128667049,ChiEridaniMarinePaste,Chi-Eridani-Meerespaste,https://github.com/EDDiscovery/EliteDangerousCore/blob/c86bee245acd482dd68f7e445fd3e67d4dc99bb1/EliteDangerous/Translations/translation-deutsch-ed.tlp,Apache-2.0,Open-source value corroborated by German local Market observation; observation is not the distribution source.
128667050,EsusekuCaviar,Esuseku-Kaviar,https://github.com/EDDiscovery/EliteDangerousCore/blob/c86bee245acd482dd68f7e445fd3e67d4dc99bb1/EliteDangerous/Translations/translation-deutsch-ed.tlp,Apache-2.0,Open-source value corroborated by German local Market observation; observation is not the distribution source.
128667051,LiveHecateSeaWorms,Live-Hecate-Seewürmer,https://github.com/EDCD/EDDI/blob/d3b964ea7c8bb959ad6537f55b308f293a326905/DataDefinitions/Properties/Commodities.de.resx,Apache-2.0,Open-source value corroborated by German local Market observation; observation is not the distribution source.
128667052,HelvetitjPearls,Helvetitj-Perlen,https://github.com/EDDiscovery/EliteDangerousCore/blob/c86bee245acd482dd68f7e445fd3e67d4dc99bb1/EliteDangerous/Translations/translation-deutsch-ed.tlp,Apache-2.0,Open-source value corroborated by German local Market observation; observation is not the distribution source.
128667053,HIP41181Squid,HIP-Proto-Kalmar,https://github.com/EDDiscovery/EliteDangerousCore/blob/c86bee245acd482dd68f7e445fd3e67d4dc99bb1/EliteDangerous/Translations/translation-deutsch-ed.tlp,Apache-2.0,Open-source value corroborated by German local Market observation; observation is not the distribution source.
128667054,CoquimSpongiformVictuals,Coquim Schwammkost,https://github.com/EDDiscovery/EliteDangerousCore/blob/c86bee245acd482dd68f7e445fd3e67d4dc99bb1/EliteDangerous/Translations/translation-deutsch-ed.tlp,Apache-2.0,Open-source value corroborated by German local Market observation; observation is not the distribution source.
128667055,AerialEdenApple,Eden-Luftäpfel,https://github.com/EDDiscovery/EliteDangerousCore/blob/c86bee245acd482dd68f7e445fd3e67d4dc99bb1/EliteDangerous/Translations/translation-deutsch-ed.tlp,Apache-2.0,Open-source value corroborated by German local Market observation; observation is not the distribution source.
128667056,NeritusBerries,Neritus-Beeren,https://github.com/EDDiscovery/EliteDangerousCore/blob/c86bee245acd482dd68f7e445fd3e67d4dc99bb1/EliteDangerous/Translations/translation-deutsch-ed.tlp,Apache-2.0,Open-source value corroborated by German local Market observation; observation is not the distribution source.
128667057,OchoengChillies,Ochoeng-Chili,https://github.com/EDCD/EDDI/blob/d3b964ea7c8bb959ad6537f55b308f293a326905/DataDefinitions/Properties/Commodities.de.resx,Apache-2.0,Open-source value corroborated by German local Market observation; observation is not the distribution source.
128667058,DeuringasTruffles,Deuringas-Trüffel,https://github.com/EDDiscovery/EliteDangerousCore/blob/c86bee245acd482dd68f7e445fd3e67d4dc99bb1/EliteDangerous/Translations/translation-deutsch-ed.tlp,Apache-2.0,Open-source value corroborated by German local Market observation; observation is not the distribution source.
128667059,HR7221Wheat,"""HR 7221"" Weizen",https://github.com/EDDiscovery/EliteDangerousCore/blob/c86bee245acd482dd68f7e445fd3e67d4dc99bb1/EliteDangerous/Translations/translation-deutsch-ed.tlp,Apache-2.0,Reviewed community alternative: prefer German compound spelling / terminology; no exact local corroboration.
128667060,JarouaRice,Jaroua-Reis,https://github.com/EDDiscovery/EliteDangerousCore/blob/c86bee245acd482dd68f7e445fd3e67d4dc99bb1/EliteDangerous/Translations/translation-deutsch-ed.tlp,Apache-2.0,Open-source value corroborated by German local Market observation; observation is not the distribution source.
128667061,BelalansRayLeather,Belalans-Rochenleder,https://github.com/EDCD/EDDI/blob/d3b964ea7c8bb959ad6537f55b308f293a326905/DataDefinitions/Properties/Commodities.de.resx,Apache-2.0,Open-source value corroborated by German local Market observation; observation is not the distribution source.
128667062,DamnaCarapaces,Damna-Schildpanzer,https://github.com/EDCD/EDDI/blob/d3b964ea7c8bb959ad6537f55b308f293a326905/DataDefinitions/Properties/Commodities.de.resx,Apache-2.0,Open-source value corroborated by German local Market observation; observation is not the distribution source.
128667063,RapaBaoSnakeSkins,Rapa-Bao-Schlangenhäute,https://github.com/EDDiscovery/EliteDangerousCore/blob/c86bee245acd482dd68f7e445fd3e67d4dc99bb1/EliteDangerous/Translations/translation-deutsch-ed.tlp,Apache-2.0,Open-source value corroborated by German local Market observation; observation is not the distribution source.
128667064,VanayequiRhinoFur,Vanayequi-Ceratomorpha-Fell,https://github.com/EDCD/EDDI/blob/d3b964ea7c8bb959ad6537f55b308f293a326905/DataDefinitions/Properties/Commodities.de.resx,Apache-2.0,Open-source value corroborated by German local Market observation; observation is not the distribution source.
128667065,BastSnakeGin,Bast Snake Gin,https://github.com/EDCD/EDDI/blob/d3b964ea7c8bb959ad6537f55b308f293a326905/DataDefinitions/Properties/Commodities.de.resx,Apache-2.0,Open-source value corroborated by German local Market observation; observation is not the distribution source.
128667066,ThrutisCream,Thrutis Cream,https://github.com/EDDiscovery/EliteDangerousCore/blob/c86bee245acd482dd68f7e445fd3e67d4dc99bb1/EliteDangerous/Translations/translation-deutsch-ed.tlp,Apache-2.0,Open-source value corroborated by German local Market observation; observation is not the distribution source.
128667067,WulpaHyperboreSystems,Wulpa-Superbohrer-Systeme,https://github.com/EDDiscovery/EliteDangerousCore/blob/c86bee245acd482dd68f7e445fd3e67d4dc99bb1/EliteDangerous/Translations/translation-deutsch-ed.tlp,Apache-2.0,Open-source value corroborated by German local Market observation; observation is not the distribution source.
128667068,AganippeRush,Aganippe-Hirnhetzer,https://github.com/EDCD/EDDI/blob/d3b964ea7c8bb959ad6537f55b308f293a326905/DataDefinitions/Properties/Commodities.de.resx,Apache-2.0,Explicit open-source name; sources agree where both exist. No exact local corroboration.
128667069,TerraMaterBloodBores,Terra-Mater-Berserker,https://github.com/EDDiscovery/EliteDangerousCore/blob/c86bee245acd482dd68f7e445fd3e67d4dc99bb1/EliteDangerous/Translations/translation-deutsch-ed.tlp,Apache-2.0,Reviewed community alternative: prefer German compound spelling / terminology; no exact local corroboration.
128667070,HolvaDuellingBlades,Holva Duellierklingen,https://github.com/EDCD/EDDI/blob/d3b964ea7c8bb959ad6537f55b308f293a326905/DataDefinitions/Properties/Commodities.de.resx,Apache-2.0,Retain broader blades designation rather than narrowing to swords.
128667071,KamorinHistoricWeapons,Kamorins historische Waffen,https://github.com/EDCD/EDDI/blob/d3b964ea7c8bb959ad6537f55b308f293a326905/DataDefinitions/Properties/Commodities.de.resx,Apache-2.0,Keep unabbreviated name.
128667072,GilyaSignatureWeapons,Gilya-Signaturwaffen,https://github.com/EDDiscovery/EliteDangerousCore/blob/c86bee245acd482dd68f7e445fd3e67d4dc99bb1/EliteDangerous/Translations/translation-deutsch-ed.tlp,Apache-2.0,Reviewed community alternative: prefer German compound spelling / terminology; no exact local corroboration.
128667073,DeltaPhoenicisPalms,Delta-Phönix-Palmen,https://github.com/EDCD/EDDI/blob/d3b964ea7c8bb959ad6537f55b308f293a326905/DataDefinitions/Properties/Commodities.de.resx,Apache-2.0,Open-source value corroborated by German local Market observation; observation is not the distribution source.
128667074,ToxandjiVirocide,Toxandji Virocide,https://github.com/EDDiscovery/EliteDangerousCore/blob/c86bee245acd482dd68f7e445fd3e67d4dc99bb1/EliteDangerous/Translations/translation-deutsch-ed.tlp,Apache-2.0,Open-source value corroborated by German local Market observation; observation is not the distribution source.
128667075,XiheCompanions,Xihe Biomorphic Companions,https://github.com/EDDiscovery/EliteDangerousCore/blob/c86bee245acd482dd68f7e445fd3e67d4dc99bb1/EliteDangerous/Translations/translation-deutsch-ed.tlp,Apache-2.0,Open-source value corroborated by German local Market observation; observation is not the distribution source.
128667076,SanumaMEAT,Sanuma-Dekorfleisch,https://github.com/EDDiscovery/EliteDangerousCore/blob/c86bee245acd482dd68f7e445fd3e67d4dc99bb1/EliteDangerous/Translations/translation-deutsch-ed.tlp,Apache-2.0,Open-source value corroborated by German local Market observation; observation is not the distribution source.
128667077,EthgrezeTeaBuds,Ethgreze-Teeknospen,https://github.com/EDDiscovery/EliteDangerousCore/blob/c86bee245acd482dd68f7e445fd3e67d4dc99bb1/EliteDangerous/Translations/translation-deutsch-ed.tlp,Apache-2.0,Open-source value corroborated by German local Market observation; observation is not the distribution source.
128667078,CeremonialHeikeTea,Heike-Zeremonientee,https://github.com/EDCD/EDDI/blob/d3b964ea7c8bb959ad6537f55b308f293a326905/DataDefinitions/Properties/Commodities.de.resx,Apache-2.0,Open-source value corroborated by German local Market observation; observation is not the distribution source.
128667079,TanmarkTranquilTea,Tanmark-Besänftigungstee,https://github.com/EDDiscovery/EliteDangerousCore/blob/c86bee245acd482dd68f7e445fd3e67d4dc99bb1/EliteDangerous/Translations/translation-deutsch-ed.tlp,Apache-2.0,Open-source value corroborated by German local Market observation; observation is not the distribution source.
128667080,AZCancriFormula42,AZ Cancri Formel 42,https://github.com/EDCD/EDDI/blob/d3b964ea7c8bb959ad6537f55b308f293a326905/DataDefinitions/Properties/Commodities.de.resx,Apache-2.0,Open-source value corroborated by German local Market observation; observation is not the distribution source.
128667081,KamitraCigars,Kamitra-Zigarren,https://github.com/EDDiscovery/EliteDangerousCore/blob/c86bee245acd482dd68f7e445fd3e67d4dc99bb1/EliteDangerous/Translations/translation-deutsch-ed.tlp,Apache-2.0,Reviewed community alternative: prefer German compound spelling / terminology; no exact local corroboration.
128667082,RusaniOldSmokey,Rusani Old Smokey,https://github.com/EDCD/EDDI/blob/d3b964ea7c8bb959ad6537f55b308f293a326905/DataDefinitions/Properties/Commodities.de.resx,Apache-2.0,Explicit open-source name; sources agree where both exist. No exact local corroboration.
128667083,YasoKondiLeaf,Yaso-Kondi-Blätter,https://github.com/EDDiscovery/EliteDangerousCore/blob/c86bee245acd482dd68f7e445fd3e67d4dc99bb1/EliteDangerous/Translations/translation-deutsch-ed.tlp,Apache-2.0,Reviewed community alternative: prefer German compound spelling / terminology; no exact local corroboration.
128667084,ChateauDeAegaeon,Chateau De Aegaeon,https://github.com/EDCD/EDDI/blob/d3b964ea7c8bb959ad6537f55b308f293a326905/DataDefinitions/Properties/Commodities.de.resx,Apache-2.0,Open-source value corroborated by German local Market observation; observation is not the distribution source.
128667085,WatersOfShintara,Shintara-Wasser,https://github.com/EDCD/EDDI/blob/d3b964ea7c8bb959ad6537f55b308f293a326905/DataDefinitions/Properties/Commodities.de.resx,Apache-2.0,CMDRHelper editorial correction of proper-name typo Shinrarta to master Shintara; not an imported proprietary resource.
128667668,OphiuchiExinoArtefacts,Ophiuch-Exino-Artefakte,https://github.com/EDDiscovery/EliteDangerousCore/blob/c86bee245acd482dd68f7e445fd3e67d4dc99bb1/EliteDangerous/Translations/translation-deutsch-ed.tlp,Apache-2.0,Open-source value corroborated by German local Market observation; observation is not the distribution source.
128667669,BakedGreebles,Gebackene Greebles,https://github.com/EDCD/EDDI/blob/d3b964ea7c8bb959ad6537f55b308f293a326905/DataDefinitions/Properties/Commodities.de.resx,Apache-2.0,Open-source value corroborated by German local Market observation; observation is not the distribution source.
128667670,CetiAepyornisEgg,Aepyornis-Eier,https://github.com/EDCD/EDDI/blob/d3b964ea7c8bb959ad6537f55b308f293a326905/DataDefinitions/Properties/Commodities.de.resx,Apache-2.0,Open-source value corroborated by German local Market observation; observation is not the distribution source.
128667671,SaxonWine,Sachsenwein,https://github.com/EDCD/EDDI/blob/d3b964ea7c8bb959ad6537f55b308f293a326905/DataDefinitions/Properties/Commodities.de.resx,Apache-2.0,Open-source value corroborated by German local Market observation; observation is not the distribution source.
128667672,CentauriMegaGin,Centauri Mega Gin,https://github.com/EDCD/EDDI/blob/d3b964ea7c8bb959ad6537f55b308f293a326905/DataDefinitions/Properties/Commodities.de.resx,Apache-2.0,Open-source value corroborated by German local Market observation; observation is not the distribution source.
128667673,AnduligaFireWorks,Anduliga-Feuerwerk,https://github.com/EDDiscovery/EliteDangerousCore/blob/c86bee245acd482dd68f7e445fd3e67d4dc99bb1/EliteDangerous/Translations/translation-deutsch-ed.tlp,Apache-2.0,Open-source value corroborated by German local Market observation; observation is not the distribution source.
128667674,BankiAmphibiousLeather,Banki-Amphibienleder,https://github.com/EDCD/EDDI/blob/d3b964ea7c8bb959ad6537f55b308f293a326905/DataDefinitions/Properties/Commodities.de.resx,Apache-2.0,Open-source value corroborated by German local Market observation; observation is not the distribution source.
128667675,CherbonesBloodCrystals,Cherbones-Blutkristalle,https://github.com/EDDiscovery/EliteDangerousCore/blob/c86bee245acd482dd68f7e445fd3e67d4dc99bb1/EliteDangerous/Translations/translation-deutsch-ed.tlp,Apache-2.0,Open-source value corroborated by German local Market observation; observation is not the distribution source.
128667676,MotronaExperienceJelly,Motrona-Erfahrungsgel,https://github.com/EDDiscovery/EliteDangerousCore/blob/c86bee245acd482dd68f7e445fd3e67d4dc99bb1/EliteDangerous/Translations/translation-deutsch-ed.tlp,Apache-2.0,Reviewed community alternative: prefer German compound spelling / terminology; no exact local corroboration.
128667677,GeawenDanceDust,Geawen-Tanzstaub,https://github.com/EDDiscovery/EliteDangerousCore/blob/c86bee245acd482dd68f7e445fd3e67d4dc99bb1/EliteDangerous/Translations/translation-deutsch-ed.tlp,Apache-2.0,Reviewed community alternative: prefer German compound spelling / terminology; no exact local corroboration.
128667678,GerasianGueuzeBeer,Gersianisches Gueuze-Bier,https://github.com/EDDiscovery/EliteDangerousCore/blob/c86bee245acd482dd68f7e445fd3e67d4dc99bb1/EliteDangerous/Translations/translation-deutsch-ed.tlp,Apache-2.0,Open-source value corroborated by German local Market observation; observation is not the distribution source.
128667679,HaidneBlackBrew,Haiden-Schwarzbier,https://github.com/EDCD/EDDI/blob/d3b964ea7c8bb959ad6537f55b308f293a326905/DataDefinitions/Properties/Commodities.de.resx,Apache-2.0,Open-source value corroborated by German local Market observation; observation is not the distribution source.
128667680,HavasupaiDreamCatcher,Havasupai-Traumfänger,https://github.com/EDDiscovery/EliteDangerousCore/blob/c86bee245acd482dd68f7e445fd3e67d4dc99bb1/EliteDangerous/Translations/translation-deutsch-ed.tlp,Apache-2.0,Open-source value corroborated by German local Market observation; observation is not the distribution source.
128667681,BurnhamBileDistillate,Burnham-Körpersaftdestillat,https://github.com/EDCD/EDDI/blob/d3b964ea7c8bb959ad6537f55b308f293a326905/DataDefinitions/Properties/Commodities.de.resx,Apache-2.0,Explicit open-source name; sources agree where both exist. No exact local corroboration.
128667682,HIPOrganophosphates,HIP-Organophosphate,https://github.com/EDDiscovery/EliteDangerousCore/blob/c86bee245acd482dd68f7e445fd3e67d4dc99bb1/EliteDangerous/Translations/translation-deutsch-ed.tlp,Apache-2.0,Open-source value corroborated by German local Market observation; observation is not the distribution source.
128667683,JaradharrePuzzlebox,Jaradharre Puzzle-Box,https://github.com/EDDiscovery/EliteDangerousCore/blob/c86bee245acd482dd68f7e445fd3e67d4dc99bb1/EliteDangerous/Translations/translation-deutsch-ed.tlp,Apache-2.0,Open-source value corroborated by German local Market observation; observation is not the distribution source.
128667684,KorroKungPellets,Korro-Kung-Pellets,https://github.com/EDDiscovery/EliteDangerousCore/blob/c86bee245acd482dd68f7e445fd3e67d4dc99bb1/EliteDangerous/Translations/translation-deutsch-ed.tlp,Apache-2.0,CMDRHelper editorial correction Koro to master Korro; retain community compound.
128667685,LFTVoidExtractCoffee,Weltraumvakuum-Kaffee,https://github.com/EDDiscovery/EliteDangerousCore/blob/c86bee245acd482dd68f7e445fd3e67d4dc99bb1/EliteDangerous/Translations/translation-deutsch-ed.tlp,Apache-2.0,Open-source value corroborated by German local Market observation; observation is not the distribution source.
128667686,HonestyPills,Ehrlichkeitspillen,https://github.com/EDCD/EDDI/blob/d3b964ea7c8bb959ad6537f55b308f293a326905/DataDefinitions/Properties/Commodities.de.resx,Apache-2.0,Open-source value corroborated by German local Market observation; observation is not the distribution source.
128667687,NonEuclidianExotanks,Nichteuklidische Exotanks,https://github.com/EDCD/EDDI/blob/d3b964ea7c8bb959ad6537f55b308f293a326905/DataDefinitions/Properties/Commodities.de.resx,Apache-2.0,Open-source value corroborated by German local Market observation; observation is not the distribution source.
128667688,LTTHyperSweet,LTT-Hypersüße,https://github.com/EDCD/EDDI/blob/d3b964ea7c8bb959ad6537f55b308f293a326905/DataDefinitions/Properties/Commodities.de.resx,Apache-2.0,Open-source value corroborated by German local Market observation; observation is not the distribution source.
128667689,MechucosHighTea,Mechucos-High-Tee,https://github.com/EDCD/EDDI/blob/d3b964ea7c8bb959ad6537f55b308f293a326905/DataDefinitions/Properties/Commodities.de.resx,Apache-2.0,Open-source value corroborated by German local Market observation; observation is not the distribution source.
128667690,MedbStarlube,Medb-Sternschmiere,https://github.com/EDCD/EDDI/blob/d3b964ea7c8bb959ad6537f55b308f293a326905/DataDefinitions/Properties/Commodities.de.resx,Apache-2.0,Open-source value corroborated by German local Market observation; observation is not the distribution source.
128667691,MokojingBeastFeast,Mokojing Monstermüsli,https://github.com/EDCD/EDDI/blob/d3b964ea7c8bb959ad6537f55b308f293a326905/DataDefinitions/Properties/Commodities.de.resx,Apache-2.0,Open-source value corroborated by German local Market observation; observation is not the distribution source.
128667692,MukusubiiChitinOs,Mukusubii Chitin-os,https://github.com/EDDiscovery/EliteDangerousCore/blob/c86bee245acd482dd68f7e445fd3e67d4dc99bb1/EliteDangerous/Translations/translation-deutsch-ed.tlp,Apache-2.0,Open-source value corroborated by German local Market observation; observation is not the distribution source.
128667693,MulachiGiantFungus,Mulachi-Riesenpilz,https://github.com/EDDiscovery/EliteDangerousCore/blob/c86bee245acd482dd68f7e445fd3e67d4dc99bb1/EliteDangerous/Translations/translation-deutsch-ed.tlp,Apache-2.0,Open-source value corroborated by German local Market observation; observation is not the distribution source.
128667694,NgadandariFireOpals,Ngadandari-Feueropale,https://github.com/EDDiscovery/EliteDangerousCore/blob/c86bee245acd482dd68f7e445fd3e67d4dc99bb1/EliteDangerous/Translations/translation-deutsch-ed.tlp,Apache-2.0,Open-source value corroborated by German local Market observation; observation is not the distribution source.
128667695,TiegfriesSynthSilk,Tiegfries-Synthetikseide,https://github.com/EDDiscovery/EliteDangerousCore/blob/c86bee245acd482dd68f7e445fd3e67d4dc99bb1/EliteDangerous/Translations/translation-deutsch-ed.tlp,Apache-2.0,Open-source value corroborated by German local Market observation; observation is not the distribution source.
128667696,UzumokuLowGWings,Uzumoku Leichtkraftflügel,https://github.com/EDDiscovery/EliteDangerousCore/blob/c86bee245acd482dd68f7e445fd3e67d4dc99bb1/EliteDangerous/Translations/translation-deutsch-ed.tlp,Apache-2.0,Open-source value corroborated by German local Market observation; observation is not the distribution source.
128667697,VHerculisBodyRub,V Herculis Körperschrubber,https://github.com/EDDiscovery/EliteDangerousCore/blob/c86bee245acd482dd68f7e445fd3e67d4dc99bb1/EliteDangerous/Translations/translation-deutsch-ed.tlp,Apache-2.0,Open-source value corroborated by German local Market observation; observation is not the distribution source.
128667698,WheemeteWheatCakes,Wheemete Weizenküchlein,https://github.com/EDDiscovery/EliteDangerousCore/blob/c86bee245acd482dd68f7e445fd3e67d4dc99bb1/EliteDangerous/Translations/translation-deutsch-ed.tlp,Apache-2.0,Open-source value corroborated by German local Market observation; observation is not the distribution source.
128667699,VegaSlimWeed,Vega-Schlankkraut,https://github.com/EDDiscovery/EliteDangerousCore/blob/c86bee245acd482dd68f7e445fd3e67d4dc99bb1/EliteDangerous/Translations/translation-deutsch-ed.tlp,Apache-2.0,Open-source value corroborated by German local Market observation; observation is not the distribution source.
128667700,AltairianSkin,Altair-Haut,https://github.com/EDCD/EDDI/blob/d3b964ea7c8bb959ad6537f55b308f293a326905/DataDefinitions/Properties/Commodities.de.resx,Apache-2.0,Open-source value corroborated by German local Market observation; observation is not the distribution source.
128667701,PavonisEarGrubs,Pavonis-Ohrenlarven,https://github.com/EDDiscovery/EliteDangerousCore/blob/c86bee245acd482dd68f7e445fd3e67d4dc99bb1/EliteDangerous/Translations/translation-deutsch-ed.tlp,Apache-2.0,Reviewed community alternative: prefer German compound spelling / terminology; no exact local corroboration.
128667702,JotunMookah,Jotun Mookah,https://github.com/EDCD/EDDI/blob/d3b964ea7c8bb959ad6537f55b308f293a326905/DataDefinitions/Properties/Commodities.de.resx,Apache-2.0,Open-source value corroborated by German local Market observation; observation is not the distribution source.
128667703,GiantVerrix,Riesen-Verrix,https://github.com/EDCD/EDDI/blob/d3b964ea7c8bb959ad6537f55b308f293a326905/DataDefinitions/Properties/Commodities.de.resx,Apache-2.0,Open-source value corroborated by German local Market observation; observation is not the distribution source.
128667704,IndiBourbon,Indi Bourbon,https://github.com/EDCD/EDDI/blob/d3b964ea7c8bb959ad6537f55b308f293a326905/DataDefinitions/Properties/Commodities.de.resx,Apache-2.0,Open-source value corroborated by German local Market observation; observation is not the distribution source.
128667705,AroucaConventualSweets,Arouca-Klosterbonbons,https://github.com/EDDiscovery/EliteDangerousCore/blob/c86bee245acd482dd68f7e445fd3e67d4dc99bb1/EliteDangerous/Translations/translation-deutsch-ed.tlp,Apache-2.0,Open-source value corroborated by German local Market observation; observation is not the distribution source.
128667706,TauriChimes,Tauri-Glockenspiel,https://github.com/EDDiscovery/EliteDangerousCore/blob/c86bee245acd482dd68f7e445fd3e67d4dc99bb1/EliteDangerous/Translations/translation-deutsch-ed.tlp,Apache-2.0,Open-source value corroborated by German local Market observation; observation is not the distribution source.
128667707,ZeesszeAntGlue,Zeessze-Ameisenkleber,https://github.com/EDDiscovery/EliteDangerousCore/blob/c86bee245acd482dd68f7e445fd3e67d4dc99bb1/EliteDangerous/Translations/translation-deutsch-ed.tlp,Apache-2.0,Open-source value corroborated by German local Market observation; observation is not the distribution source.
128667708,PantaaPrayerSticks,Pantaa-Weihrauchstöcke,https://github.com/EDCD/EDDI/blob/d3b964ea7c8bb959ad6537f55b308f293a326905/DataDefinitions/Properties/Commodities.de.resx,Apache-2.0,Open-source value corroborated by German local Market observation; observation is not the distribution source.
128667709,FujinTea,Fujin-Tee,https://github.com/EDCD/EDDI/blob/d3b964ea7c8bb959ad6537f55b308f293a326905/DataDefinitions/Properties/Commodities.de.resx,Apache-2.0,Open-source value corroborated by German local Market observation; observation is not the distribution source.
128667710,ChameleonCloth,Chamäleon-Kleidung,https://github.com/EDCD/EDDI/blob/d3b964ea7c8bb959ad6537f55b308f293a326905/DataDefinitions/Properties/Commodities.de.resx,Apache-2.0,Open-source value corroborated by German local Market observation; observation is not the distribution source.
128667711,OrrerianViciousBrew,Orrerianisches Immerwach,https://github.com/EDCD/EDDI/blob/d3b964ea7c8bb959ad6537f55b308f293a326905/DataDefinitions/Properties/Commodities.de.resx,Apache-2.0,Open-source value corroborated by German local Market observation; observation is not the distribution source.
128667712,UszaianTreeGrub,Uszaian-Baumlarven,https://github.com/EDDiscovery/EliteDangerousCore/blob/c86bee245acd482dd68f7e445fd3e67d4dc99bb1/EliteDangerous/Translations/translation-deutsch-ed.tlp,Apache-2.0,Open-source value corroborated by German local Market observation; observation is not the distribution source.
128667713,MomusBogSpaniel,Momus-Sumpfspaniel,https://github.com/EDCD/EDDI/blob/d3b964ea7c8bb959ad6537f55b308f293a326905/DataDefinitions/Properties/Commodities.de.resx,Apache-2.0,Open-source value corroborated by German local Market observation; observation is not the distribution source.
128667714,DisoMaCorn,Diso-Ma-Mais,https://github.com/EDDiscovery/EliteDangerousCore/blob/c86bee245acd482dd68f7e445fd3e67d4dc99bb1/EliteDangerous/Translations/translation-deutsch-ed.tlp,Apache-2.0,Open-source value corroborated by German local Market observation; observation is not the distribution source.
128667715,LeestianEvilJuice,Leesti-Teufelssaft,https://github.com/EDDiscovery/EliteDangerousCore/blob/c86bee245acd482dd68f7e445fd3e67d4dc99bb1/EliteDangerous/Translations/translation-deutsch-ed.tlp,Apache-2.0,Open-source value corroborated by German local Market observation; observation is not the distribution source.
128667716,BlueMilk,Azurmilch,https://github.com/EDCD/EDDI/blob/d3b964ea7c8bb959ad6537f55b308f293a326905/DataDefinitions/Properties/Commodities.de.resx,Apache-2.0,Open-source value corroborated by German local Market observation; observation is not the distribution source.
128667717,AlienEggs,Ledrige Eier,https://github.com/EDCD/EDDI/blob/d3b964ea7c8bb959ad6537f55b308f293a326905/DataDefinitions/Properties/Commodities.de.resx,Apache-2.0,Open-source value corroborated by German local Market observation; observation is not the distribution source.
128667718,AlyaBodilySoap,Alya-Körperseife,https://github.com/EDDiscovery/EliteDangerousCore/blob/c86bee245acd482dd68f7e445fd3e67d4dc99bb1/EliteDangerous/Translations/translation-deutsch-ed.tlp,Apache-2.0,Open-source value corroborated by German local Market observation; observation is not the distribution source.
128667719,VidavantianLace,Vidava-Spitze,https://github.com/EDDiscovery/EliteDangerousCore/blob/c86bee245acd482dd68f7e445fd3e67d4dc99bb1/EliteDangerous/Translations/translation-deutsch-ed.tlp,Apache-2.0,Open-source value corroborated by German local Market observation; observation is not the distribution source.
128667728,ImperialSlaves,Imperiale Sklaven,https://github.com/EDCD/EDDI/blob/d3b964ea7c8bb959ad6537f55b308f293a326905/DataDefinitions/Properties/Commodities.de.resx,Apache-2.0,Explicit open-source name; sources agree where both exist. No exact local corroboration.
128667760,TransgenicOnionHead,Lucan Onionhead,https://github.com/EDCD/EDDI/blob/d3b964ea7c8bb959ad6537f55b308f293a326905/DataDefinitions/Properties/Commodities.de.resx,Apache-2.0,Explicit open-source name; sources agree where both exist. No exact local corroboration.
128668017,JaquesQuinentianStill,Jaques Quinent-Destille,https://github.com/EDCD/EDDI/blob/d3b964ea7c8bb959ad6537f55b308f293a326905/DataDefinitions/Properties/Commodities.de.resx,Apache-2.0,Open-source value corroborated by German local Market observation; observation is not the distribution source.
128668018,SoontillRelics,Soontill-Relikte,https://github.com/EDCD/EDDI/blob/d3b964ea7c8bb959ad6537f55b308f293a326905/DataDefinitions/Properties/Commodities.de.resx,Apache-2.0,Open-source value corroborated by German local Market observation; observation is not the distribution source.
128668547,UnknownArtifact,Thargoidensensor,https://github.com/EDDiscovery/EliteDangerousCore/blob/c86bee245acd482dd68f7e445fd3e67d4dc99bb1/EliteDangerous/Translations/translation-deutsch-ed.tlp,Apache-2.0,Open-source value corroborated by German local Market observation; observation is not the distribution source.
128668548,AiRelics,KI-Relikte,https://github.com/EDDiscovery/EliteDangerousCore/blob/c86bee245acd482dd68f7e445fd3e67d4dc99bb1/EliteDangerous/Translations/translation-deutsch-ed.tlp,Apache-2.0,Reviewed community alternative: prefer German compound spelling / terminology; no exact local corroboration.
128668549,Hafnium178,Hafnium 178,https://github.com/EDCD/EDDI/blob/d3b964ea7c8bb959ad6537f55b308f293a326905/DataDefinitions/Properties/Commodities.de.resx,Apache-2.0,Explicit open-source name; sources agree where both exist. No exact local corroboration.
128668551,Antiquities,Antiquitäten,https://github.com/EDCD/EDDI/blob/d3b964ea7c8bb959ad6537f55b308f293a326905/DataDefinitions/Properties/Commodities.de.resx,Apache-2.0,Explicit open-source name; sources agree where both exist. No exact local corroboration.
128668552,MilitaryIntelligence,Militärische Geheimdokumente,https://github.com/EDDiscovery/EliteDangerousCore/blob/c86bee245acd482dd68f7e445fd3e67d4dc99bb1/EliteDangerous/Translations/translation-deutsch-ed.tlp,Apache-2.0,Reviewed community alternative: prefer German compound spelling / terminology; no exact local corroboration.
128671119,Advert1,Ultrakompakte Prozessorprototypen,https://github.com/EDCD/EDDI/blob/d3b964ea7c8bb959ad6537f55b308f293a326905/DataDefinitions/Properties/Commodities.de.resx,Apache-2.0,Open-source value corroborated by German local Market observation; observation is not the distribution source.
128671443,SAP8CoreContainer,Container mit SAP 8-Kern,https://github.com/EDCD/EDDI/blob/d3b964ea7c8bb959ad6537f55b308f293a326905/DataDefinitions/Properties/Commodities.de.resx,Apache-2.0,Open-source value corroborated by German local Market observation; observation is not the distribution source.
128671444,TrinketsOfFortune,Glücksbringer,https://github.com/EDCD/EDDI/blob/d3b964ea7c8bb959ad6537f55b308f293a326905/DataDefinitions/Properties/Commodities.de.resx,Apache-2.0,"Keep compact, established German label."
128672121,TheHuttonMug,Hutton-Becher,https://github.com/EDDiscovery/EliteDangerousCore/blob/c86bee245acd482dd68f7e445fd3e67d4dc99bb1/EliteDangerous/Translations/translation-deutsch-ed.tlp,Apache-2.0,Open-source value corroborated by German local Market observation; observation is not the distribution source.
128672122,SothisCrystallineGold,Sothis-Kristallingold,https://github.com/EDDiscovery/EliteDangerousCore/blob/c86bee245acd482dd68f7e445fd3e67d4dc99bb1/EliteDangerous/Translations/translation-deutsch-ed.tlp,Apache-2.0,Open-source value corroborated by German local Market observation; observation is not the distribution source.
128672123,WreckageComponents,Bergungsfähige Wrackteile,https://github.com/EDCD/EDDI/blob/d3b964ea7c8bb959ad6537f55b308f293a326905/DataDefinitions/Properties/Commodities.de.resx,Apache-2.0,Keep established descriptive salvage name.
128672124,EncriptedDataStorage,Verschlüsselter Datenträger,https://github.com/EDCD/EDDI/blob/d3b964ea7c8bb959ad6537f55b308f293a326905/DataDefinitions/Properties/Commodities.de.resx,Apache-2.0,Open-source value corroborated by German local Market observation; observation is not the distribution source.
128672125,OccupiedCryoPod,Besetzte Rettungskapsel,https://github.com/EDCD/EDDI/blob/d3b964ea7c8bb959ad6537f55b308f293a326905/DataDefinitions/Properties/Commodities.de.resx,Apache-2.0,Explicit open-source name; sources agree where both exist. No exact local corroboration.
128672126,PersonalEffects,Persönliches,https://github.com/EDCD/EDDI/blob/d3b964ea7c8bb959ad6537f55b308f293a326905/DataDefinitions/Properties/Commodities.de.resx,Apache-2.0,Explicit open-source name; sources agree where both exist. No exact local corroboration.
128672127,ComercialSamples,Werbeproben,https://github.com/EDCD/EDDI/blob/d3b964ea7c8bb959ad6537f55b308f293a326905/DataDefinitions/Properties/Commodities.de.resx,Apache-2.0,Open-source value corroborated by German local Market observation; observation is not the distribution source.
128672128,TacticalData,Aufklärungsdaten,https://github.com/EDCD/EDDI/blob/d3b964ea7c8bb959ad6537f55b308f293a326905/DataDefinitions/Properties/Commodities.de.resx,Apache-2.0,Open-source value corroborated by German local Market observation; observation is not the distribution source.
128672129,AssaultPlans,Angriffspläne,https://github.com/EDCD/EDDI/blob/d3b964ea7c8bb959ad6537f55b308f293a326905/DataDefinitions/Properties/Commodities.de.resx,Apache-2.0,Open-source value corroborated by German local Market observation; observation is not the distribution source.
128672130,EncryptedCorrespondence,Verschlüsselte Korrespondenz,https://github.com/EDCD/EDDI/blob/d3b964ea7c8bb959ad6537f55b308f293a326905/DataDefinitions/Properties/Commodities.de.resx,Apache-2.0,Open-source value corroborated by German local Market observation; observation is not the distribution source.
128672131,DiplomaticBag,Diplomatentasche,https://github.com/EDCD/EDDI/blob/d3b964ea7c8bb959ad6537f55b308f293a326905/DataDefinitions/Properties/Commodities.de.resx,Apache-2.0,Open-source value corroborated by German local Market observation; observation is not the distribution source.
128672132,ScientificResearch,Wissenschaftliche Forschung,https://github.com/EDCD/EDDI/blob/d3b964ea7c8bb959ad6537f55b308f293a326905/DataDefinitions/Properties/Commodities.de.resx,Apache-2.0,Open-source value corroborated by German local Market observation; observation is not the distribution source.
128672133,ScientificSamples,Wissenschaftliche Proben,https://github.com/EDCD/EDDI/blob/d3b964ea7c8bb959ad6537f55b308f293a326905/DataDefinitions/Properties/Commodities.de.resx,Apache-2.0,Open-source value corroborated by German local Market observation; observation is not the distribution source.
128672134,PoliticalPrisoner,Politischer Gefangener,https://github.com/EDCD/EDDI/blob/d3b964ea7c8bb959ad6537f55b308f293a326905/DataDefinitions/Properties/Commodities.de.resx,Apache-2.0,Avoid grammatically inconsistent alternative.
128672135,Hostage,Geisel,https://github.com/EDCD/EDDI/blob/d3b964ea7c8bb959ad6537f55b308f293a326905/DataDefinitions/Properties/Commodities.de.resx,Apache-2.0,Keep singular label.
128672136,LargeExplorationDataCash,Großer Erkundungsdatenspeicher,https://github.com/EDCD/EDDI/blob/d3b964ea7c8bb959ad6537f55b308f293a326905/DataDefinitions/Properties/Commodities.de.resx,Apache-2.0,Open-source value corroborated by German local Market observation; observation is not the distribution source.
128672137,SmallExplorationDataCash,Kleiner Erkundungsdatenspeicher,https://github.com/EDCD/EDDI/blob/d3b964ea7c8bb959ad6537f55b308f293a326905/DataDefinitions/Properties/Commodities.de.resx,Apache-2.0,Open-source value corroborated by German local Market observation; observation is not the distribution source.
128672159,AntiqueJewellery,Antiker Schmuck,https://github.com/EDCD/EDDI/blob/d3b964ea7c8bb959ad6537f55b308f293a326905/DataDefinitions/Properties/Commodities.de.resx,Apache-2.0,Open-source value corroborated by German local Market observation; observation is not the distribution source.
128672160,PreciousGems,Edelsteine,https://github.com/EDCD/EDDI/blob/d3b964ea7c8bb959ad6537f55b308f293a326905/DataDefinitions/Properties/Commodities.de.resx,Apache-2.0,Open-source value corroborated by German local Market observation; observation is not the distribution source.
128672161,EarthRelics,Erdrelikte,https://github.com/EDCD/EDDI/blob/d3b964ea7c8bb959ad6537f55b308f293a326905/DataDefinitions/Properties/Commodities.de.resx,Apache-2.0,Open-source value corroborated by German local Market observation; observation is not the distribution source.
128672162,GeneBank,Gen-Datenbank,https://github.com/EDCD/EDDI/blob/d3b964ea7c8bb959ad6537f55b308f293a326905/DataDefinitions/Properties/Commodities.de.resx,Apache-2.0,Open-source value corroborated by German local Market observation; observation is not the distribution source.
128672163,TimeCapsule,Zeitkapsel,https://github.com/EDCD/EDDI/blob/d3b964ea7c8bb959ad6537f55b308f293a326905/DataDefinitions/Properties/Commodities.de.resx,Apache-2.0,Open-source value corroborated by German local Market observation; observation is not the distribution source.
128672294,Cryolite,Kriolyth,https://github.com/EDCD/EDDI/blob/d3b964ea7c8bb959ad6537f55b308f293a326905/DataDefinitions/Properties/Commodities.de.resx,Apache-2.0,Open-source value corroborated by German local Market observation; observation is not the distribution source.
128672295,Goslarite,Goslarit,https://github.com/EDCD/EDDI/blob/d3b964ea7c8bb959ad6537f55b308f293a326905/DataDefinitions/Properties/Commodities.de.resx,Apache-2.0,Open-source value corroborated by German local Market observation; observation is not the distribution source.
128672297,Pyrophyllite,Pyrophyllit,https://github.com/EDCD/EDDI/blob/d3b964ea7c8bb959ad6537f55b308f293a326905/DataDefinitions/Properties/Commodities.de.resx,Apache-2.0,Open-source value corroborated by German local Market observation; observation is not the distribution source.
128672298,Lanthanum,Lanthan,https://github.com/EDCD/EDDI/blob/d3b964ea7c8bb959ad6537f55b308f293a326905/DataDefinitions/Properties/Commodities.de.resx,Apache-2.0,Open-source value corroborated by German local Market observation; observation is not the distribution source.
128672299,Thallium,Thallium,https://github.com/EDCD/EDDI/blob/d3b964ea7c8bb959ad6537f55b308f293a326905/DataDefinitions/Properties/Commodities.de.resx,Apache-2.0,Open-source value corroborated by German local Market observation; observation is not the distribution source.
128672300,Bismuth,Bismut,https://github.com/EDDiscovery/EliteDangerousCore/blob/c86bee245acd482dd68f7e445fd3e67d4dc99bb1/EliteDangerous/Translations/translation-deutsch-ed.tlp,Apache-2.0,Open-source value corroborated by German local Market observation; observation is not the distribution source.
128672302,CeramicComposites,Keramik-Verbundwerkstoffe,https://github.com/EDCD/EDDI/blob/d3b964ea7c8bb959ad6537f55b308f293a326905/DataDefinitions/Properties/Commodities.de.resx,Apache-2.0,Open-source value corroborated by German local Market observation; observation is not the distribution source.
128672303,SyntheticReagents,Synthetische Reagenzstoffe,https://github.com/EDCD/EDDI/blob/d3b964ea7c8bb959ad6537f55b308f293a326905/DataDefinitions/Properties/Commodities.de.resx,Apache-2.0,Open-source value corroborated by German local Market observation; observation is not the distribution source.
128672304,NerveAgents,Nervengas,https://github.com/EDCD/EDDI/blob/d3b964ea7c8bb959ad6537f55b308f293a326905/DataDefinitions/Properties/Commodities.de.resx,Apache-2.0,Explicit open-source name; sources agree where both exist. No exact local corroboration.
128672305,SurfaceStabilisers,Oberflächenstabilisierer,https://github.com/EDCD/EDDI/blob/d3b964ea7c8bb959ad6537f55b308f293a326905/DataDefinitions/Properties/Commodities.de.resx,Apache-2.0,Open-source value corroborated by German local Market observation; observation is not the distribution source.
128672306,BootlegLiquor,Schmuggelschnaps,https://github.com/EDDiscovery/EliteDangerousCore/blob/c86bee245acd482dd68f7e445fd3e67d4dc99bb1/EliteDangerous/Translations/translation-deutsch-ed.tlp,Apache-2.0,Reviewed community alternative: prefer German compound spelling / terminology; no exact local corroboration.
128672307,GeologicalEquipment,Geologie-Ausrüstung,https://github.com/EDCD/EDDI/blob/d3b964ea7c8bb959ad6537f55b308f293a326905/DataDefinitions/Properties/Commodities.de.resx,Apache-2.0,Open-source value corroborated by German local Market observation; observation is not the distribution source.
128672308,ThermalCoolingUnits,Thermal-Kühleinheiten,https://github.com/EDCD/EDDI/blob/d3b964ea7c8bb959ad6537f55b308f293a326905/DataDefinitions/Properties/Commodities.de.resx,Apache-2.0,Open-source value corroborated by German local Market observation; observation is not the distribution source.
128672309,BuildingFabricators,Baufabrikatoren,https://github.com/EDCD/EDDI/blob/d3b964ea7c8bb959ad6537f55b308f293a326905/DataDefinitions/Properties/Commodities.de.resx,Apache-2.0,Open-source value corroborated by German local Market observation; observation is not the distribution source.
128672310,MuTomImager,Myon-Bildgeber,https://github.com/EDCD/EDDI/blob/d3b964ea7c8bb959ad6537f55b308f293a326905/DataDefinitions/Properties/Commodities.de.resx,Apache-2.0,Open-source value corroborated by German local Market observation; observation is not the distribution source.
128672311,StructuralRegulators,Strukturregulatoren,https://github.com/EDCD/EDDI/blob/d3b964ea7c8bb959ad6537f55b308f293a326905/DataDefinitions/Properties/Commodities.de.resx,Apache-2.0,Open-source value corroborated by German local Market observation; observation is not the distribution source.
128672312,Landmines,Landminen,https://github.com/EDCD/EDDI/blob/d3b964ea7c8bb959ad6537f55b308f293a326905/DataDefinitions/Properties/Commodities.de.resx,Apache-2.0,Explicit open-source name; sources agree where both exist. No exact local corroboration.
128672313,SkimerComponents,OF-Drohnen-Komponenten,https://github.com/EDDiscovery/EliteDangerousCore/blob/c86bee245acd482dd68f7e445fd3e67d4dc99bb1/EliteDangerous/Translations/translation-deutsch-ed.tlp,Apache-2.0,Open-source value corroborated by German local Market observation; observation is not the distribution source.
128672314,EvacuationShelter,Evakuierungsschutz,https://github.com/EDCD/EDDI/blob/d3b964ea7c8bb959ad6537f55b308f293a326905/DataDefinitions/Properties/Commodities.de.resx,Apache-2.0,Open-source value corroborated by German local Market observation; observation is not the distribution source.
128672315,GeologicalSamples,Geologische Proben,https://github.com/EDCD/EDDI/blob/d3b964ea7c8bb959ad6537f55b308f293a326905/DataDefinitions/Properties/Commodities.de.resx,Apache-2.0,Open-source value corroborated by German local Market observation; observation is not the distribution source.
128672316,MasterChefs,Master Chefs,https://github.com/EDDiscovery/EliteDangerousCore/blob/c86bee245acd482dd68f7e445fd3e67d4dc99bb1/EliteDangerous/Translations/translation-deutsch-ed.tlp,Apache-2.0,Open-source value corroborated by German local Market observation; observation is not the distribution source.
128672431,PersonalGifts,Festliche Geschenke,https://github.com/EDCD/EDDI/blob/d3b964ea7c8bb959ad6537f55b308f293a326905/DataDefinitions/Properties/Commodities.de.resx,Apache-2.0,Open-source value corroborated by German local Market observation; observation is not the distribution source.
128672432,CrystallineSpheres,Kristallkugeln,https://github.com/EDCD/EDDI/blob/d3b964ea7c8bb959ad6537f55b308f293a326905/DataDefinitions/Properties/Commodities.de.resx,Apache-2.0,Open-source value corroborated by German local Market observation; observation is not the distribution source.
128672701,MetaAlloys,Meta-Legierungen,https://github.com/EDCD/EDDI/blob/d3b964ea7c8bb959ad6537f55b308f293a326905/DataDefinitions/Properties/Commodities.de.resx,Apache-2.0,Open-source value corroborated by German local Market observation; observation is not the distribution source.
128672810,UnstableDataCore,Instabiler Datenkern,https://github.com/EDCD/EDDI/blob/d3b964ea7c8bb959ad6537f55b308f293a326905/DataDefinitions/Properties/Commodities.de.resx,Apache-2.0,Open-source value corroborated by German local Market observation; observation is not the distribution source.
128672811,DamagedEscapePod,Beschädigte Rettungskapsel,https://github.com/EDCD/EDDI/blob/d3b964ea7c8bb959ad6537f55b308f293a326905/DataDefinitions/Properties/Commodities.de.resx,Apache-2.0,Explicit open-source name; sources agree where both exist. No exact local corroboration.
128672812,OnionHeadA,Onionhead (Alpha),https://github.com/EDCD/EDDI/blob/d3b964ea7c8bb959ad6537f55b308f293a326905/DataDefinitions/Properties/Commodities.de.resx,Apache-2.0,Explicit open-source name; sources agree where both exist. No exact local corroboration.
128673069,OnionHeadB,Onionhead (Beta),https://github.com/EDCD/EDDI/blob/d3b964ea7c8bb959ad6537f55b308f293a326905/DataDefinitions/Properties/Commodities.de.resx,Apache-2.0,Open-source value corroborated by German local Market observation; observation is not the distribution source.
128673855,InsulatingMembrane,Isoliermembran,https://github.com/EDDiscovery/EliteDangerousCore/blob/c86bee245acd482dd68f7e445fd3e67d4dc99bb1/EliteDangerous/Translations/translation-deutsch-ed.tlp,Apache-2.0,Open-source value corroborated by German local Market observation; observation is not the distribution source.
128673856,CMMComposite,CMM-Komposit,https://github.com/EDDiscovery/EliteDangerousCore/blob/c86bee245acd482dd68f7e445fd3e67d4dc99bb1/EliteDangerous/Translations/translation-deutsch-ed.tlp,Apache-2.0,Open-source value corroborated by German local Market observation; observation is not the distribution source.
128673857,CoolingHoses,Mikroflecht-Kühlschläuche,https://github.com/EDCD/EDDI/blob/d3b964ea7c8bb959ad6537f55b308f293a326905/DataDefinitions/Properties/Commodities.de.resx,Apache-2.0,Open-source value corroborated by German local Market observation; observation is not the distribution source.
128673858,NeofabricInsulation,Neogewebe-Isolierung,https://github.com/EDCD/EDDI/blob/d3b964ea7c8bb959ad6537f55b308f293a326905/DataDefinitions/Properties/Commodities.de.resx,Apache-2.0,Open-source value corroborated by German local Market observation; observation is not the distribution source.
128673859,ArticulationMotors,Gelenkmotoren,https://github.com/EDCD/EDDI/blob/d3b964ea7c8bb959ad6537f55b308f293a326905/DataDefinitions/Properties/Commodities.de.resx,Apache-2.0,Open-source value corroborated by German local Market observation; observation is not the distribution source.
128673860,HNShockMount,HN-Dämpferaufhängung,https://github.com/EDCD/EDDI/blob/d3b964ea7c8bb959ad6537f55b308f293a326905/DataDefinitions/Properties/Commodities.de.resx,Apache-2.0,Open-source value corroborated by German local Market observation; observation is not the distribution source.
128673861,EmergencyPowerCells,Notfall-Energiezellen,https://github.com/EDCD/EDDI/blob/d3b964ea7c8bb959ad6537f55b308f293a326905/DataDefinitions/Properties/Commodities.de.resx,Apache-2.0,Open-source value corroborated by German local Market observation; observation is not the distribution source.
128673862,PowerConverter,Energiekonverter,https://github.com/EDCD/EDDI/blob/d3b964ea7c8bb959ad6537f55b308f293a326905/DataDefinitions/Properties/Commodities.de.resx,Apache-2.0,Open-source value corroborated by German local Market observation; observation is not the distribution source.
128673863,PowerGridAssembly,Energienetz-Gruppe,https://github.com/EDCD/EDDI/blob/d3b964ea7c8bb959ad6537f55b308f293a326905/DataDefinitions/Properties/Commodities.de.resx,Apache-2.0,Open-source value corroborated by German local Market observation; observation is not the distribution source.
128673864,PowerTransferConduits,Energietransferbus,https://github.com/EDCD/EDDI/blob/d3b964ea7c8bb959ad6537f55b308f293a326905/DataDefinitions/Properties/Commodities.de.resx,Apache-2.0,Open-source value corroborated by German local Market observation; observation is not the distribution source.
128673865,RadiationBaffle,Strahlungsabweiser,https://github.com/EDCD/EDDI/blob/d3b964ea7c8bb959ad6537f55b308f293a326905/DataDefinitions/Properties/Commodities.de.resx,Apache-2.0,Open-source value corroborated by German local Market observation; observation is not the distribution source.
128673866,ExhaustManifold,Krümmer,https://github.com/EDCD/EDDI/blob/d3b964ea7c8bb959ad6537f55b308f293a326905/DataDefinitions/Properties/Commodities.de.resx,Apache-2.0,Open-source value corroborated by German local Market observation; observation is not the distribution source.
128673867,ReinforcedMountingPlate,Verstärkte Trägerplatte,https://github.com/EDCD/EDDI/blob/d3b964ea7c8bb959ad6537f55b308f293a326905/DataDefinitions/Properties/Commodities.de.resx,Apache-2.0,Open-source value corroborated by German local Market observation; observation is not the distribution source.
128673868,HeatsinkInterlink,Kühlkörperverbinder,https://github.com/EDCD/EDDI/blob/d3b964ea7c8bb959ad6537f55b308f293a326905/DataDefinitions/Properties/Commodities.de.resx,Apache-2.0,Open-source value corroborated by German local Market observation; observation is not the distribution source.
128673869,MagneticEmitterCoil,Magnetische Emitterspule,https://github.com/EDCD/EDDI/blob/d3b964ea7c8bb959ad6537f55b308f293a326905/DataDefinitions/Properties/Commodities.de.resx,Apache-2.0,Open-source value corroborated by German local Market observation; observation is not the distribution source.
128673870,ModularTerminals,Modulterminals,https://github.com/EDCD/EDDI/blob/d3b964ea7c8bb959ad6537f55b308f293a326905/DataDefinitions/Properties/Commodities.de.resx,Apache-2.0,Open-source value corroborated by German local Market observation; observation is not the distribution source.
128673871,Nanobreakers,Nanozertrümmerer,https://github.com/EDCD/EDDI/blob/d3b964ea7c8bb959ad6537f55b308f293a326905/DataDefinitions/Properties/Commodities.de.resx,Apache-2.0,Open-source value corroborated by German local Market observation; observation is not the distribution source.
128673872,TelemetrySuite,Telemetrie-Paket,https://github.com/EDCD/EDDI/blob/d3b964ea7c8bb959ad6537f55b308f293a326905/DataDefinitions/Properties/Commodities.de.resx,Apache-2.0,Open-source value corroborated by German local Market observation; observation is not the distribution source.
128673873,MicroControllers,Mikrocontroller,https://github.com/EDCD/EDDI/blob/d3b964ea7c8bb959ad6537f55b308f293a326905/DataDefinitions/Properties/Commodities.de.resx,Apache-2.0,Open-source value corroborated by German local Market observation; observation is not the distribution source.
128673874,IonDistributor,Ionenverteiler,https://github.com/EDCD/EDDI/blob/d3b964ea7c8bb959ad6537f55b308f293a326905/DataDefinitions/Properties/Commodities.de.resx,Apache-2.0,Open-source value corroborated by German local Market observation; observation is not the distribution source.
128673875,DiagnosticSensor,Hardware-Diagnostiksensor,https://github.com/EDCD/EDDI/blob/d3b964ea7c8bb959ad6537f55b308f293a326905/DataDefinitions/Properties/Commodities.de.resx,Apache-2.0,Open-source value corroborated by German local Market observation; observation is not the distribution source.
128673876,UnknownArtifact2,Thargoidensonde,https://github.com/EDDiscovery/EliteDangerousCore/blob/c86bee245acd482dd68f7e445fd3e67d4dc99bb1/EliteDangerous/Translations/translation-deutsch-ed.tlp,Apache-2.0,Open-source value corroborated by German local Market observation; observation is not the distribution source.
128682044,ConductiveFabrics,Leitfähige Stoffe,https://github.com/EDCD/EDDI/blob/d3b964ea7c8bb959ad6537f55b308f293a326905/DataDefinitions/Properties/Commodities.de.resx,Apache-2.0,Open-source value corroborated by German local Market observation; observation is not the distribution source.
128682045,MilitaryGradeFabrics,Militärische Stoffe,https://github.com/EDCD/EDDI/blob/d3b964ea7c8bb959ad6537f55b308f293a326905/DataDefinitions/Properties/Commodities.de.resx,Apache-2.0,Open-source value corroborated by German local Market observation; observation is not the distribution source.
128682046,AdvancedMedicines,Fortschrittliche Medikamente,https://github.com/EDCD/EDDI/blob/d3b964ea7c8bb959ad6537f55b308f293a326905/DataDefinitions/Properties/Commodities.de.resx,Apache-2.0,Open-source value corroborated by German local Market observation; observation is not the distribution source.
128682047,MedicalDiagnosticEquipment,Medizinische Diagnostikausrüstung,https://github.com/EDCD/EDDI/blob/d3b964ea7c8bb959ad6537f55b308f293a326905/DataDefinitions/Properties/Commodities.de.resx,Apache-2.0,Open-source value corroborated by German local Market observation; observation is not the distribution source.
128682048,SurvivalEquipment,Überlebensausrüstung,https://github.com/EDCD/EDDI/blob/d3b964ea7c8bb959ad6537f55b308f293a326905/DataDefinitions/Properties/Commodities.de.resx,Apache-2.0,Open-source value corroborated by German local Market observation; observation is not the distribution source.
128682049,DataCore,Datenkern,https://github.com/EDCD/EDDI/blob/d3b964ea7c8bb959ad6537f55b308f293a326905/DataDefinitions/Properties/Commodities.de.resx,Apache-2.0,Open-source value corroborated by German local Market observation; observation is not the distribution source.
128682050,GalacticTravelGuide,Galaktischer Reiseführer,https://github.com/EDCD/EDDI/blob/d3b964ea7c8bb959ad6537f55b308f293a326905/DataDefinitions/Properties/Commodities.de.resx,Apache-2.0,Open-source value corroborated by German local Market observation; observation is not the distribution source.
128682051,MysteriousIdol,Mysteriöses Idol,https://github.com/EDCD/EDDI/blob/d3b964ea7c8bb959ad6537f55b308f293a326905/DataDefinitions/Properties/Commodities.de.resx,Apache-2.0,Open-source value corroborated by German local Market observation; observation is not the distribution source.
128682052,ProhibitedResearchMaterials,Verbotene Forschungsmaterialien,https://github.com/EDCD/EDDI/blob/d3b964ea7c8bb959ad6537f55b308f293a326905/DataDefinitions/Properties/Commodities.de.resx,Apache-2.0,Explicit open-source name; sources agree where both exist. No exact local corroboration.
128682053,AntimatterContainmentUnit,Antimaterie-Transporteinheit,https://github.com/EDCD/EDDI/blob/d3b964ea7c8bb959ad6537f55b308f293a326905/DataDefinitions/Properties/Commodities.de.resx,Apache-2.0,Explicit open-source name; sources agree where both exist. No exact local corroboration.
128682054,SpacePioneerRelics,Weltraumpionier-Relikte,https://github.com/EDCD/EDDI/blob/d3b964ea7c8bb959ad6537f55b308f293a326905/DataDefinitions/Properties/Commodities.de.resx,Apache-2.0,Open-source value corroborated by German local Market observation; observation is not the distribution source.
128682055,FossilRemnants,Fossile Überreste,https://github.com/EDCD/EDDI/blob/d3b964ea7c8bb959ad6537f55b308f293a326905/DataDefinitions/Properties/Commodities.de.resx,Apache-2.0,Open-source value corroborated by German local Market observation; observation is not the distribution source.
128727921,AnimalEffigies,Crom Silver Fesh,https://github.com/EDCD/EDDI/blob/d3b964ea7c8bb959ad6537f55b308f293a326905/DataDefinitions/Properties/Commodities.de.resx,Apache-2.0,Explicit open-source name; sources agree where both exist. No exact local corroboration.
128732183,AncientRelic,Guardian-Relikt,https://github.com/EDCD/EDDI/blob/d3b964ea7c8bb959ad6537f55b308f293a326905/DataDefinitions/Properties/Commodities.de.resx,Apache-2.0,Open-source value corroborated by German local Market observation; observation is not the distribution source.
128732184,AncientOrb,Guardiankugel,https://github.com/EDCD/EDDI/blob/d3b964ea7c8bb959ad6537f55b308f293a326905/DataDefinitions/Properties/Commodities.de.resx,Apache-2.0,Open-source value corroborated by German local Market observation; observation is not the distribution source.
128732185,AncientCasket,Guardianschatulle,https://github.com/EDCD/EDDI/blob/d3b964ea7c8bb959ad6537f55b308f293a326905/DataDefinitions/Properties/Commodities.de.resx,Apache-2.0,Open-source value corroborated by German local Market observation; observation is not the distribution source.
128732186,AncientTablet,Guardiantafel,https://github.com/EDCD/EDDI/blob/d3b964ea7c8bb959ad6537f55b308f293a326905/DataDefinitions/Properties/Commodities.de.resx,Apache-2.0,Open-source value corroborated by German local Market observation; observation is not the distribution source.
128732187,AncientUrn,Guardian-Urne,https://github.com/EDCD/EDDI/blob/d3b964ea7c8bb959ad6537f55b308f293a326905/DataDefinitions/Properties/Commodities.de.resx,Apache-2.0,Open-source value corroborated by German local Market observation; observation is not the distribution source.
128732188,AncientTotem,Guardian-Totem,https://github.com/EDCD/EDDI/blob/d3b964ea7c8bb959ad6537f55b308f293a326905/DataDefinitions/Properties/Commodities.de.resx,Apache-2.0,Open-source value corroborated by German local Market observation; observation is not the distribution source.
128732551,ShansCharisOrchid,Shans Charis-Orchidee,https://github.com/EDCD/EDDI/blob/d3b964ea7c8bb959ad6537f55b308f293a326905/DataDefinitions/Properties/Commodities.de.resx,Apache-2.0,Open-source value corroborated by German local Market observation; observation is not the distribution source.
128737287,UnknownResin,Thargoidenharz,https://github.com/EDDiscovery/EliteDangerousCore/blob/c86bee245acd482dd68f7e445fd3e67d4dc99bb1/EliteDangerous/Translations/translation-deutsch-ed.tlp,Apache-2.0,Open-source value corroborated by German local Market observation; observation is not the distribution source.
128737288,UnknownBiologicalMatter,Biologische Materie der Thargoiden,https://github.com/EDDiscovery/EliteDangerousCore/blob/c86bee245acd482dd68f7e445fd3e67d4dc99bb1/EliteDangerous/Translations/translation-deutsch-ed.tlp,Apache-2.0,Open-source value corroborated by German local Market observation; observation is not the distribution source.
128737289,UnknownTechnologySamples,Technologieproben der Thargoiden,https://github.com/EDDiscovery/EliteDangerousCore/blob/c86bee245acd482dd68f7e445fd3e67d4dc99bb1/EliteDangerous/Translations/translation-deutsch-ed.tlp,Apache-2.0,Open-source value corroborated by German local Market observation; observation is not the distribution source.
128740752,UnknownArtifact3,Thargoidenlink,https://github.com/EDDiscovery/EliteDangerousCore/blob/c86bee245acd482dd68f7e445fd3e67d4dc99bb1/EliteDangerous/Translations/translation-deutsch-ed.tlp,Apache-2.0,Open-source value corroborated by German local Market observation; observation is not the distribution source.
128748428,BuckyballBeerMats,Buckyball-Bierdeckel,https://github.com/EDCD/EDDI/blob/d3b964ea7c8bb959ad6537f55b308f293a326905/DataDefinitions/Properties/Commodities.de.resx,Apache-2.0,Open-source value corroborated by German local Market observation; observation is not the distribution source.
128793113,HarmaSilverSeaRum,Harma Silberseerum,https://github.com/EDCD/EDDI/blob/d3b964ea7c8bb959ad6537f55b308f293a326905/DataDefinitions/Properties/Commodities.de.resx,Apache-2.0,Open-source value corroborated by German local Market observation; observation is not the distribution source.
128793114,PlatinumAloy,Platinlegierung,https://github.com/EDCD/EDDI/blob/d3b964ea7c8bb959ad6537f55b308f293a326905/DataDefinitions/Properties/Commodities.de.resx,Apache-2.0,Open-source value corroborated by German local Market observation; observation is not the distribution source.
128793127,ThargoidHeart,Thargoidenherz,https://github.com/EDDiscovery/EliteDangerousCore/blob/c86bee245acd482dd68f7e445fd3e67d4dc99bb1/EliteDangerous/Translations/translation-deutsch-ed.tlp,Apache-2.0,Open-source value corroborated by German local Market observation; observation is not the distribution source.
128793128,ThargoidTissueSampleType1,Gewebeprobe von Thargoidenschiffstyp Cyclops,https://github.com/EDDiscovery/EliteDangerousCore/blob/c86bee245acd482dd68f7e445fd3e67d4dc99bb1/EliteDangerous/Translations/translation-deutsch-ed.tlp,Apache-2.0,Open-source value corroborated by German local Market observation; observation is not the distribution source.
128793129,ThargoidTissueSampleType2,Gewebeprobe von Thargoidenschiffstyp Basilisk,https://github.com/EDDiscovery/EliteDangerousCore/blob/c86bee245acd482dd68f7e445fd3e67d4dc99bb1/EliteDangerous/Translations/translation-deutsch-ed.tlp,Apache-2.0,Open-source value corroborated by German local Market observation; observation is not the distribution source.
128793130,ThargoidTissueSampleType3,Gewebeprobe von Thargoidenschiffstyp Medusa,https://github.com/EDDiscovery/EliteDangerousCore/blob/c86bee245acd482dd68f7e445fd3e67d4dc99bb1/EliteDangerous/Translations/translation-deutsch-ed.tlp,Apache-2.0,Open-source value corroborated by German local Market observation; observation is not the distribution source.
128824468,ThargoidScoutTissueSample,Gewebeprobe von Thargoiden-Späher,https://github.com/EDDiscovery/EliteDangerousCore/blob/c86bee245acd482dd68f7e445fd3e67d4dc99bb1/EliteDangerous/Translations/translation-deutsch-ed.tlp,Apache-2.0,Open-source value corroborated by German local Market observation; observation is not the distribution source.
128888499,AncientKey,Uralter Schlüssel,https://github.com/EDCD/EDDI/blob/d3b964ea7c8bb959ad6537f55b308f293a326905/DataDefinitions/Properties/Commodities.de.resx,Apache-2.0,Open-source value corroborated by German local Market observation; observation is not the distribution source.
128902652,ThargoidTissueSampleType4,Thargoidenhydra-Gewebeprobe,https://github.com/EDDiscovery/EliteDangerousCore/blob/c86bee245acd482dd68f7e445fd3e67d4dc99bb1/EliteDangerous/Translations/translation-deutsch-ed.tlp,Apache-2.0,Reviewed community alternative: prefer German compound spelling / terminology; no exact local corroboration.
128913661,Nanomedicines,Nanomedizin,https://github.com/EDCD/EDDI/blob/d3b964ea7c8bb959ad6537f55b308f293a326905/DataDefinitions/Properties/Commodities.de.resx,Apache-2.0,Explicit open-source name; sources agree where both exist. No exact local corroboration.
128922517,M_TissueSample_Fluid,Molluskenflüssigkeit,https://github.com/EDCD/EDDI/blob/d3b964ea7c8bb959ad6537f55b308f293a326905/DataDefinitions/Properties/Commodities.de.resx,Apache-2.0,Open-source value corroborated by German local Market observation; observation is not the distribution source.
128922518,M_TissueSample_Soft,Mollusken-Weichgewebe,https://github.com/EDCD/EDDI/blob/d3b964ea7c8bb959ad6537f55b308f293a326905/DataDefinitions/Properties/Commodities.de.resx,Apache-2.0,Open-source value corroborated by German local Market observation; observation is not the distribution source.
128922519,M_TissueSample_Nerves,Mollusken-Hirnmasse,https://github.com/EDDiscovery/EliteDangerousCore/blob/c86bee245acd482dd68f7e445fd3e67d4dc99bb1/EliteDangerous/Translations/translation-deutsch-ed.tlp,Apache-2.0,Open-source value corroborated by German local Market observation; observation is not the distribution source.
128922520,S_TissueSample_Cells,Hülsenkerngewebe,https://github.com/EDDiscovery/EliteDangerousCore/blob/c86bee245acd482dd68f7e445fd3e67d4dc99bb1/EliteDangerous/Translations/translation-deutsch-ed.tlp,Apache-2.0,Open-source value corroborated by German local Market observation; observation is not the distribution source.
128922521,S_TissueSample_Surface,Hülsentotgewebe,https://github.com/EDCD/EDDI/blob/d3b964ea7c8bb959ad6537f55b308f293a326905/DataDefinitions/Properties/Commodities.de.resx,Apache-2.0,Open-source value corroborated by German local Market observation; observation is not the distribution source.
128922522,S_TissueSample_Core,Hülsenoberflächengewebe,https://github.com/EDDiscovery/EliteDangerousCore/blob/c86bee245acd482dd68f7e445fd3e67d4dc99bb1/EliteDangerous/Translations/translation-deutsch-ed.tlp,Apache-2.0,Reviewed community alternative: prefer German compound spelling / terminology; no exact local corroboration.
128922523,P_ParticulateSample,Anomaliepartikel,https://github.com/EDCD/EDDI/blob/d3b964ea7c8bb959ad6537f55b308f293a326905/DataDefinitions/Properties/Commodities.de.resx,Apache-2.0,Explicit open-source name; sources agree where both exist. No exact local corroboration.
128922524,Duradrives,Duradrives,https://github.com/EDDiscovery/EliteDangerousCore/blob/c86bee245acd482dd68f7e445fd3e67d4dc99bb1/EliteDangerous/Translations/translation-deutsch-ed.tlp,Apache-2.0,Open-source value corroborated by German local Market observation; observation is not the distribution source.
128922781,S9_TissueSample_Shell,Hülsengewebe,https://github.com/EDDiscovery/EliteDangerousCore/blob/c86bee245acd482dd68f7e445fd3e67d4dc99bb1/EliteDangerous/Translations/translation-deutsch-ed.tlp,Apache-2.0,Open-source value corroborated by German local Market observation; observation is not the distribution source.
128922782,M3_TissueSample_Membrane,Molluskenmembran,https://github.com/EDCD/EDDI/blob/d3b964ea7c8bb959ad6537f55b308f293a326905/DataDefinitions/Properties/Commodities.de.resx,Apache-2.0,Open-source value corroborated by German local Market observation; observation is not the distribution source.
128922783,M3_TissueSample_Mycelium,Molluskenmyzel,https://github.com/EDCD/EDDI/blob/d3b964ea7c8bb959ad6537f55b308f293a326905/DataDefinitions/Properties/Commodities.de.resx,Apache-2.0,Open-source value corroborated by German local Market observation; observation is not the distribution source.
128922784,M3_TissueSample_Spores,Molluskensporen,https://github.com/EDCD/EDDI/blob/d3b964ea7c8bb959ad6537f55b308f293a326905/DataDefinitions/Properties/Commodities.de.resx,Apache-2.0,Open-source value corroborated by German local Market observation; observation is not the distribution source.
128922785,S6_TissueSample_Mesoglea,Hülsen-Mesoglea,https://github.com/EDDiscovery/EliteDangerousCore/blob/c86bee245acd482dd68f7e445fd3e67d4dc99bb1/EliteDangerous/Translations/translation-deutsch-ed.tlp,Apache-2.0,Open-source value corroborated by German local Market observation; observation is not the distribution source.
128922786,S6_TissueSample_Cells,Hülsen-Aussengewebe,https://github.com/EDDiscovery/EliteDangerousCore/blob/c86bee245acd482dd68f7e445fd3e67d4dc99bb1/EliteDangerous/Translations/translation-deutsch-ed.tlp,Apache-2.0,Reviewed community alternative: prefer German compound spelling / terminology; no exact local corroboration.
128922787,S6_TissueSample_Coenosarc,Hülsenschalengewebe,https://github.com/EDDiscovery/EliteDangerousCore/blob/c86bee245acd482dd68f7e445fd3e67d4dc99bb1/EliteDangerous/Translations/translation-deutsch-ed.tlp,Apache-2.0,Reviewed community alternative: prefer German compound spelling / terminology; no exact local corroboration.
128924333,RockforthFertiliser,Rockforth-Dünger,https://github.com/EDDiscovery/EliteDangerousCore/blob/c86bee245acd482dd68f7e445fd3e67d4dc99bb1/EliteDangerous/Translations/translation-deutsch-ed.tlp,Apache-2.0,Open-source value corroborated by German local Market observation; observation is not the distribution source.
128924334,AgronomicTreatment,Agronomisches Mittel,https://github.com/EDCD/EDDI/blob/d3b964ea7c8bb959ad6537f55b308f293a326905/DataDefinitions/Properties/Commodities.de.resx,Apache-2.0,Open-source value corroborated by German local Market observation; observation is not the distribution source.
128958679,ApaVietii,Apa Vietii,https://github.com/EDDiscovery/EliteDangerousCore/blob/c86bee245acd482dd68f7e445fd3e67d4dc99bb1/EliteDangerous/Translations/translation-deutsch-ed.tlp,Apache-2.0,Open-source value corroborated by German local Market observation; observation is not the distribution source.
128983059,OnionHeadC,Onionhead (Gamma),https://github.com/EDCD/EDDI/blob/d3b964ea7c8bb959ad6537f55b308f293a326905/DataDefinitions/Properties/Commodities.de.resx,Apache-2.0,Explicit open-source name; sources agree where both exist. No exact local corroboration.
129002574,ClassifiedExperimentalEquipment,Geheime Experimentalausrüstung,https://github.com/EDDiscovery/EliteDangerousCore/blob/c86bee245acd482dd68f7e445fd3e67d4dc99bb1/EliteDangerous/Translations/translation-deutsch-ed.tlp,Apache-2.0,Reviewed community alternative: prefer German compound spelling / terminology; no exact local corroboration.
129015433,AncientRelicTG,Unklassifiziertes Relikt,https://github.com/EDDiscovery/EliteDangerousCore/blob/c86bee245acd482dd68f7e445fd3e67d4dc99bb1/EliteDangerous/Translations/translation-deutsch-ed.tlp,Apache-2.0,Reviewed community alternative: prefer German compound spelling / terminology; no exact local corroboration.
129019258,ThargoidTissueSampleType5,Thargoid-Orthrus Gewebeprobe,https://github.com/EDDiscovery/EliteDangerousCore/blob/c86bee245acd482dd68f7e445fd3e67d4dc99bb1/EliteDangerous/Translations/translation-deutsch-ed.tlp,Apache-2.0,Reviewed community alternative: prefer German compound spelling / terminology; no exact local corroboration.
129019259,ThargoidGeneratorTissueSample,Ätzende Gewebeprobe,https://github.com/EDCD/EDDI/blob/d3b964ea7c8bb959ad6537f55b308f293a326905/DataDefinitions/Properties/Commodities.de.resx,Apache-2.0,Explicit open-source name; sources agree where both exist. No exact local corroboration.
129022087,UnocuppiedEscapePod,Unbesetzte Rettungskapsel,https://github.com/EDCD/EDDI/blob/d3b964ea7c8bb959ad6537f55b308f293a326905/DataDefinitions/Properties/Commodities.de.resx,Apache-2.0,Keep Rettungskapsel terminology.
129022395,ThargoidTissueSampleType6,Thargoid Glaive Gewebeprobe,https://github.com/EDCD/EDDI/blob/d3b964ea7c8bb959ad6537f55b308f293a326905/DataDefinitions/Properties/Commodities.de.resx,Apache-2.0,Reject misspelling Thardoiden in alternative.
129022396,ThargoidTissueSampleType7,Thargoid-Scythe Gewebeprobe,https://github.com/EDDiscovery/EliteDangerousCore/blob/c86bee245acd482dd68f7e445fd3e67d4dc99bb1/EliteDangerous/Translations/translation-deutsch-ed.tlp,Apache-2.0,Reviewed community alternative: prefer German compound spelling / terminology; no exact local corroboration.
129022398,ThargoidTissueSampleType9a,Titan Tiefengewebeprobe,https://github.com/EDCD/EDDI/blob/d3b964ea7c8bb959ad6537f55b308f293a326905/DataDefinitions/Properties/Commodities.de.resx,Apache-2.0,Prefer compact Tiefengewebe designation.
129022399,ThargoidTissueSampleType9b,Titan Gewebeprobe,https://github.com/EDCD/EDDI/blob/d3b964ea7c8bb959ad6537f55b308f293a326905/DataDefinitions/Properties/Commodities.de.resx,Apache-2.0,Explicit open-source name; sources agree where both exist. No exact local corroboration.
129022400,ThargoidTissueSampleType9c,Titan Teilgewebeprobe,https://github.com/EDCD/EDDI/blob/d3b964ea7c8bb959ad6537f55b308f293a326905/DataDefinitions/Properties/Commodities.de.resx,Apache-2.0,Prefer compact Teilgewebe designation.
129022402,ThargoidTissueSampleType10a,Titanenschlund tiefe Gewebeprobe,https://github.com/EDDiscovery/EliteDangerousCore/blob/c86bee245acd482dd68f7e445fd3e67d4dc99bb1/EliteDangerous/Translations/translation-deutsch-ed.tlp,Apache-2.0,Reviewed community alternative: prefer German compound spelling / terminology; no exact local corroboration.
129022403,ThargoidTissueSampleType10b,Titanenschlund Gewebeprobe,https://github.com/EDDiscovery/EliteDangerousCore/blob/c86bee245acd482dd68f7e445fd3e67d4dc99bb1/EliteDangerous/Translations/translation-deutsch-ed.tlp,Apache-2.0,Reviewed community alternative: prefer German compound spelling / terminology; no exact local corroboration.
129022404,ThargoidTissueSampleType10c,Titanenschlund-Gewebeprobe,https://github.com/EDDiscovery/EliteDangerousCore/blob/c86bee245acd482dd68f7e445fd3e67d4dc99bb1/EliteDangerous/Translations/translation-deutsch-ed.tlp,Apache-2.0,Reviewed community alternative: prefer German compound spelling / terminology; no exact local corroboration.
129022405,UnknownSack,Schutzmembranenrest,https://github.com/EDDiscovery/EliteDangerousCore/blob/c86bee245acd482dd68f7e445fd3e67d4dc99bb1/EliteDangerous/Translations/translation-deutsch-ed.tlp,Apache-2.0,Reviewed community alternative: prefer German compound spelling / terminology; no exact local corroboration.
129022406,ThargoidPod,Xenobiologische Gefängniskapsel,https://github.com/EDDiscovery/EliteDangerousCore/blob/c86bee245acd482dd68f7e445fd3e67d4dc99bb1/EliteDangerous/Translations/translation-deutsch-ed.tlp,Apache-2.0,Reviewed community alternative: prefer German compound spelling / terminology; no exact local corroboration.
129022407,CoralSap,Korallensaft,https://github.com/EDCD/EDDI/blob/d3b964ea7c8bb959ad6537f55b308f293a326905/DataDefinitions/Properties/Commodities.de.resx,Apache-2.0,Open-source value corroborated by German local Market observation; observation is not the distribution source.
129022408,UnknownMineral,Unreines Turmmineral,https://github.com/EDDiscovery/EliteDangerousCore/blob/c86bee245acd482dd68f7e445fd3e67d4dc99bb1/EliteDangerous/Translations/translation-deutsch-ed.tlp,Apache-2.0,Open-source value corroborated by German local Market observation; observation is not the distribution source.
129022409,UnknownRefinedMineral,Halbraffiniertes Turmmineral,https://github.com/EDDiscovery/EliteDangerousCore/blob/c86bee245acd482dd68f7e445fd3e67d4dc99bb1/EliteDangerous/Translations/translation-deutsch-ed.tlp,Apache-2.0,Open-source value corroborated by German local Market observation; observation is not the distribution source.
129030459,ThargoidTitanDriveComponent,Titan-Antriebskomponente,https://github.com/EDDiscovery/EliteDangerousCore/blob/c86bee245acd482dd68f7e445fd3e67d4dc99bb1/EliteDangerous/Translations/translation-deutsch-ed.tlp,Apache-2.0,Open-source value corroborated by German local Market observation; observation is not the distribution source.
129030460,ThargoidCystSpecimen,Zystenprobe,https://github.com/EDCD/EDDI/blob/d3b964ea7c8bb959ad6537f55b308f293a326905/DataDefinitions/Properties/Commodities.de.resx,Apache-2.0,Explicit open-source name; sources agree where both exist. No exact local corroboration.
129030461,ThargoidBoneFragments,Knochenfragmente,https://github.com/EDCD/EDDI/blob/d3b964ea7c8bb959ad6537f55b308f293a326905/DataDefinitions/Properties/Commodities.de.resx,Apache-2.0,Open-source value corroborated by German local Market observation; observation is not the distribution source.
129030462,ThargoidOrganSample,Organprobe,https://github.com/EDCD/EDDI/blob/d3b964ea7c8bb959ad6537f55b308f293a326905/DataDefinitions/Properties/Commodities.de.resx,Apache-2.0,Open-source value corroborated by German local Market observation; observation is not the distribution source.
129031238,Steel,Stahl,https://github.com/EDCD/EDDI/blob/d3b964ea7c8bb959ad6537f55b308f293a326905/DataDefinitions/Properties/Commodities.de.resx,Apache-2.0,Open-source value corroborated by German local Market observation; observation is not the distribution source.
